[{
    "ivd": "2015-10-30T21:24:08.263000",
    "_id": "56336b07198375a7e8f5976c",
    "cn": "Nagpur_Bajajnagar_Dc (Maharashtra)",
    "ed": "2015-11-07T00:00:00",
    "oc": "Del_Okhla_PC (Delhi)",
    "cd": "2015-10-30T18:35:11.219000",
    "wbn": "195073756840",
    "pd": "2015-10-30T18:45:39.420000",
    "fbd": "2015-10-30T22:18:01.069000",
    "cs": {
        "ud": "2015-10-30T18:35:11.215000",
        "nsl": "X-PPONM",
        "sd": "2015-10-30T18:34:30.726000",
        "sl": "Del_Okhla_PC (Delhi)",
        "ss": "In Transit",
        "sr": "Shipment Physically Picked but data not received from Client",
        "pupid": "2376054",
        "u": "sumit-kumar_29",
        "st": "UD"
    },
    "pdd": "2015-11-03T23:59:59"
}, {
    "ivd": "2015-10-30T21:24:08.263000",
    "_id": "56336b07198375a7e8f5976c",
    "cn": "Nagpur_Bajajnagar_Dc (Maharashtra)",
    "ed": "2015-11-07T00:00:00",
    "oc": "Del_Okhla_PC (Delhi)",
    "cd": "2015-10-30T18:35:11.219000",
    "wbn": "195073756840",
    "pd": "2015-10-30T18:45:39.420000",
    "fbd": "2015-10-30T22:18:01.069000",
    "cs": {
        "ud": "2015-10-30T18:46:56.216000",
        "nsl": "X-UCI",
        "sl": "Del_Okhla_PC (Delhi)",
        "ss": "Manifested",
        "sr": "Manifest uploaded",
        "sd": "2015-10-30T18:46:56.214000",
        "u": "ketan.khare",
        "st": "UD"
    },
    "pdd": "2015-11-03T23:59:59"
}, {
    "ivd": "2015-10-30T21:24:08.263000",
    "_id": "56336b07198375a7e8f5976c",
    "cn": "Nagpur_Bajajnagar_Dc (Maharashtra)",
    "ed": "2015-11-07T00:00:00",
    "oc": "Del_Okhla_PC (Delhi)",
    "cd": "2015-10-30T18:35:11.219000",
    "wbn": "195073756840",
    "pd": "2015-10-30T18:45:39.420000",
    "fbd": "2015-10-30T22:18:01.069000",
    "cs": {
        "ud": "2015-10-30T22:17:58.278000",
        "nsl": "X-PIOM",
        "sl": "Del_Okhla_PC (Delhi)",
        "ss": "In Transit",
        "sr": "Shipment received",
        "sd": "2015-10-30T21:24:08.263000",
        "u": "DDL2",
        "st": "UD"
    },
    "pdd": "2015-11-03T23:59:59"
}, {
    "ivd": "2015-10-30T21:24:08.263000",
    "_id": "56336b07198375a7e8f5976c",
    "cn": "Nagpur_Bajajnagar_Dc (Maharashtra)",
    "ed": "2015-11-07T00:00:00",
    "oc": "Del_Okhla_PC (Delhi)",
    "cd": "2015-10-30T18:35:11.219000",
    "wbn": "195073756840",
    "pd": "2015-10-30T18:45:39.420000",
    "fbd": "2015-10-30T22:18:01.069000",
    "cs": {
        "asr": "L: 31.8; B: 17.6; H: 9.2; Wt: 270.0",
        "nsl": "GOR-DWS",
        "sl": "Del_Okhla_PC (Delhi)",
        "ss": "In Transit",
        "sr": "Weight Captured",
        "sd": "2015-10-30T21:24:10.156000",
        "u": "DDL2",
        "ud": "2015-10-30T22:18:00.331000",
        "st": "UD"
    },
    "pdd": "2015-11-03T23:59:59"
}, {
    "ivd": "2015-10-30T21:24:08.263000",
    "_id": "56336b07198375a7e8f5976c",
    "cn": "Nagpur_Bajajnagar_Dc (Maharashtra)",
    "ed": "2015-11-07T00:00:00",
    "oc": "Del_Okhla_PC (Delhi)",
    "cd": "2015-10-30T18:35:11.219000",
    "wbn": "195073756840",
    "pd": "2015-10-30T18:45:39.420000",
    "fbd": "2015-10-30T22:18:01.069000",
    "cs": {
        "nsl": "X-DBO1F",
        "dest": "Nagpur_Somalwda_IP (Maharashtra)",
        "act": "+B",
        "pid": "BAG22139217",
        "ss": "In Transit",
        "sr": "Weight Captured",
        "st": "UD",
        "u": "EMP8",
        "sl": "Del_Okhla_PC (Delhi)",
        "ud": "2015-10-30T22:18:01.139000",
        "sd": "2015-10-30T22:18:01.139000"
    },
    "pdd": "2015-11-03T23:59:59"
}, {
    "ivd": "2015-10-30T21:24:08.263000",
    "_id": "56336b07198375a7e8f5976c",
    "cn": "Nagpur_Bajajnagar_Dc (Maharashtra)",
    "ed": "2015-11-07T00:00:00",
    "oc": "Del_Okhla_PC (Delhi)",
    "cd": "2015-10-30T18:35:11.219000",
    "wbn": "195073756840",
    "pd": "2015-10-30T18:45:39.420000",
    "fbd": "2015-10-30T22:18:01.069000",
    "cs": {
        "nsl": "X-DLO1F",
        "dest": "Delhi_Gateway (Delhi)",
        "sl": "Del_Okhla_PC (Delhi)",
        "pid": "IST334-2685293381854499301",
        "cid": "33657",
        "ss": "In Transit",
        "sr": "Weight Captured",
        "st": "UD",
        "u": "sunil.kumar1a",
        "act": "+L",
        "ud": "2015-10-30T22:46:28.878000",
        "sd": "2015-10-30T22:46:28.878000"
    },
    "pdd": "2015-11-03T23:59:59"
}, {
    "ivd": "2015-10-30T21:24:08.263000",
    "_id": "56336b07198375a7e8f5976c",
    "cn": "Nagpur_Bajajnagar_Dc (Maharashtra)",
    "ed": "2015-11-07T00:00:00",
    "oc": "Del_Okhla_PC (Delhi)",
    "cd": "2015-10-30T18:35:11.219000",
    "wbn": "195073756840",
    "pd": "2015-10-30T18:45:39.420000",
    "fbd": "2015-10-30T22:18:01.069000",
    "cs": {
        "nsl": "X-ILO1F",
        "dest": "Delhi_Gateway (Delhi)",
        "sl": "Delhi_Gateway (Delhi)",
        "pid": "IST334-2685293381854499301",
        "ps": "IST334-2685293381854499301",
        "cid": "33657",
        "ss": "In Transit",
        "sr": "Weight Captured",
        "st": "UD",
        "u": "Uma.Shankar",
        "act": "<L",
        "ud": "2015-10-31T00:13:39.664000",
        "sd": "2015-10-31T00:13:39.664000"
    },
    "pdd": "2015-11-03T23:59:59"
}, {
    "ivd": "2015-10-30T21:24:08.263000",
    "_id": "56336b07198375a7e8f5976c",
    "cn": "Nagpur_Bajajnagar_Dc (Maharashtra)",
    "ed": "2015-11-07T00:00:00",
    "oc": "Del_Okhla_PC (Delhi)",
    "cd": "2015-10-30T18:35:11.219000",
    "wbn": "195073756840",
    "pd": "2015-10-30T18:45:39.420000",
    "fbd": "2015-10-30T22:18:01.069000",
    "cs": {
        "nsl": "X-ILO1F",
        "dest": "Delhi_Gateway (Delhi)",
        "sl": "Delhi_Gateway (Delhi)",
        "pid": "IST334-2685293381854499301",
        "ps": "BAG22139217",
        "cid": "33657",
        "ss": "In Transit",
        "sr": "Weight Captured",
        "st": "UD",
        "u": "Uma.Shankar",
        "act": "<L",
        "ud": "2015-10-31T00:21:01.472000",
        "sd": "2015-10-31T00:21:01.472000"
    },
    "pdd": "2015-11-03T23:59:59"
}, {
    "ivd": "2015-10-30T21:24:08.263000",
    "_id": "56336b07198375a7e8f5976c",
    "cn": "Nagpur_Bajajnagar_Dc (Maharashtra)",
    "ed": "2015-11-07T00:00:00",
    "oc": "Del_Okhla_PC (Delhi)",
    "cd": "2015-10-30T18:35:11.219000",
    "wbn": "195073756840",
    "pd": "2015-10-30T18:45:39.420000",
    "fbd": "2015-10-30T22:18:01.069000",
    "cs": {
        "nsl": "X-DLO2F",
        "dest": "Nagpur_Somalwda_IP (Maharashtra)",
        "sl": "Delhi_Gateway (Delhi)",
        "pid": "IST329-889585",
        "cid": "31421",
        "ss": "In Transit",
        "sr": "Weight Captured",
        "st": "UD",
        "u": "Manikant.Jha",
        "act": "+L",
        "ud": "2015-10-31T13:52:38.588000",
        "sd": "2015-10-31T13:52:38.588000"
    },
    "pdd": "2015-11-03T23:59:59"
}, {
    "ivd": "2015-10-30T21:24:08.263000",
    "_id": "56336b07198375a7e8f5976c",
    "cn": "Nagpur_Bajajnagar_Dc (Maharashtra)",
    "ed": "2015-11-07T00:00:00",
    "oc": "Del_Okhla_PC (Delhi)",
    "cd": "2015-10-30T18:35:11.219000",
    "wbn": "195073756840",
    "pd": "2015-10-30T18:45:39.420000",
    "fbd": "2015-10-30T22:18:01.069000",
    "cs": {
        "nsl": "DLYLH-115",
        "dest": "Nagpur_Somalwda_IP (Maharashtra)",
        "sl": "Delhi_Gateway (Delhi)",
        "pid": "IST329-889585",
        "bypass_status_validation": "False",
        "cid": "31421",
        "ss": "In Transit",
        "sr": "Weight Captured",
        "st": "UD",
        "u": "abdul.razzaque",
        "act": "+N",
        "ud": "2015-11-01T10:16:09.775000",
        "sd": "2015-11-01T10:16:09.774000"
    },
    "pdd": "2015-11-03T23:59:59"
}, {
    "ivd": "2015-10-30T21:24:08.263000",
    "_id": "56336b07198375a7e8f5976c",
    "cn": "Nagpur_Bajajnagar_Dc (Maharashtra)",
    "ed": "2015-11-07T00:00:00",
    "oc": "Del_Okhla_PC (Delhi)",
    "cd": "2015-10-30T18:35:11.219000",
    "wbn": "195073756840",
    "pd": "2015-10-30T18:45:39.420000",
    "fbd": "2015-10-30T22:18:01.069000",
    "cs": {
        "ud": "2015-11-01T13:16:44.516000",
        "nsl": "X-IBO1F",
        "sd": "2015-11-01T13:16:44.516000",
        "sl": "Delhi_Gateway (Delhi)",
        "ss": "In Transit",
        "sr": "Weight Captured",
        "act": "<B",
        "u": "Shyam.Kumar",
        "st": "UD"
    },
    "pdd": "2015-11-03T23:59:59"
}, {
    "ivd": "2015-10-30T21:24:08.263000",
    "_id": "56336b07198375a7e8f5976c",
    "cn": "Nagpur_Bajajnagar_Dc (Maharashtra)",
    "ed": "2015-11-07T00:00:00",
    "oc": "Del_Okhla_PC (Delhi)",
    "cd": "2015-10-30T18:35:11.219000",
    "wbn": "195073756840",
    "pd": "2015-10-30T18:45:39.420000",
    "fbd": "2015-10-30T22:18:01.069000",
    "cs": {
        "ud": "2015-11-01T13:43:08.539000",
        "nsl": "S-MAR",
        "sl": "Delhi_Gateway (Delhi)",
        "ss": "In Transit",
        "sr": "Weight Captured",
        "sd": "2015-11-01T13:43:08.539000",
        "u": "shikhar.kala",
        "st": "UD"
    },
    "pdd": "2015-11-03T23:59:59"
}, {
    "ivd": "2015-10-30T21:24:08.263000",
    "_id": "56336b07198375a7e8f5976c",
    "cn": "Nagpur_Bajajnagar_Dc (Maharashtra)",
    "ed": "2015-11-07T00:00:00",
    "oc": "Del_Okhla_PC (Delhi)",
    "cd": "2015-10-30T18:35:11.219000",
    "wbn": "195073756840",
    "pd": "2015-10-30T18:45:39.420000",
    "fbd": "2015-10-30T22:18:01.069000",
    "cs": {
        "ud": "2015-11-01T13:43:08.556000",
        "nsl": "S-TAT3",
        "sl": "Delhi_Gateway (Delhi)",
        "ss": "In Transit",
        "sr": "Weight Captured",
        "sd": "2015-11-01T13:43:08.556000",
        "u": "shikhar.kala",
        "st": "UD"
    },
    "pdd": "2015-11-03T23:59:59"
}, {
    "ivd": "2015-10-30T21:24:08.263000",
    "_id": "56336b07198375a7e8f5976c",
    "cn": "Nagpur_Bajajnagar_Dc (Maharashtra)",
    "ed": "2015-11-07T00:00:00",
    "oc": "Del_Okhla_PC (Delhi)",
    "cd": "2015-10-30T18:35:11.219000",
    "wbn": "195073756840",
    "pd": "2015-10-30T18:45:39.420000",
    "fbd": "2015-10-30T22:18:01.069000",
    "cs": {
        "asr": "L: 15.7; B: 24.8; H: 11.7; Wt: 390",
        "nsl": "GOR-DWS",
        "sd": "2015-11-02T01:50:14",
        "source": {
            "source_id": "falsort.dgw",
            "source": "Sorter",
            "source_type": "Falcon Sorter"
        },
        "ss": "In Transit",
        "sr": "Weight Captured",
        "sl": "Delhi_Gateway (Delhi)",
        "u": "FALCON_SORTER_DELHI_GATEWAY",
        "ud": "2015-11-02T05:56:18.339000",
        "st": "UD"
    },
    "pdd": "2015-11-03T23:59:59"
}, {
    "ivd": "2015-10-30T21:24:08.263000",
    "_id": "56336b07198375a7e8f5976c",
    "cn": "Nagpur_Bajajnagar_Dc (Maharashtra)",
    "ed": "2015-11-07T00:00:00",
    "oc": "Del_Okhla_PC (Delhi)",
    "cd": "2015-10-30T18:35:11.219000",
    "wbn": "195073756840",
    "pd": "2015-10-30T18:45:39.420000",
    "fbd": "2015-10-30T22:18:01.069000",
    "cs": {
        "nsl": "X-DBO1F",
        "dest": "Nagpur_Somalwda_IP (Maharashtra)",
        "act": "+B",
        "pid": "BAG23066352",
        "ss": "In Transit",
        "sr": "Weight Captured",
        "st": "UD",
        "u": "N01947",
        "sl": "Delhi_Gateway (Delhi)",
        "ud": "2015-11-02T05:56:23.325000",
        "sd": "2015-11-02T05:56:23.325000"
    },
    "pdd": "2015-11-03T23:59:59"
}, {
    "ivd": "2015-10-30T21:24:08.263000",
    "_id": "56336b07198375a7e8f5976c",
    "cn": "Nagpur_Bajajnagar_Dc (Maharashtra)",
    "ed": "2015-11-07T00:00:00",
    "oc": "Del_Okhla_PC (Delhi)",
    "cd": "2015-10-30T18:35:11.219000",
    "wbn": "195073756840",
    "pd": "2015-10-30T18:45:39.420000",
    "fbd": "2015-10-30T22:18:01.069000",
    "cs": {
        "nsl": "X-DLO1F",
        "dest": "GGN_Gateway (Haryana)",
        "sl": "Delhi_Gateway (Delhi)",
        "pid": "IST334-6445098870812840421",
        "cid": "33677",
        "ss": "In Transit",
        "sr": "Weight Captured",
        "st": "UD",
        "u": "vivek.kumar2",
        "act": "+L",
        "ud": "2015-11-02T10:41:12.189000",
        "sd": "2015-11-02T10:41:12.189000"
    },
    "pdd": "2015-11-03T23:59:59"
}]
