{
    "Mumbai_South_Mirakle": "82",
    "Chennai_Thiruvlr_DC": "!1",
    "Chennai_Thiruvlr_DC Virtual Customer": "!1_CS",
    "Chennai_Medavkm_DC": "!2",
    "Chennai_Medavkm_DC Virtual Customer": "!2_CS",
    "Chennai_Adyar_DC": "!3",
    "Chennai_Adyar_DC Virtual Customer": "!3_CS",
    "Chennai_KmbrClny_DC": "!4",
    "Chennai_KmbrClny_DC Virtual Customer": "!4_CS",
    "Chennai_KSRNagar_DC": "!5",
    "Chennai_KSRNagar_DC Virtual Customer": "!5_CS",
    "Chennai_Chnglptu_DC": "!6",
    "Chennai_Chnglptu_DC Virtual Customer": "!6_CS",
    "Chennai_Mdurvoyl_DC": "!7",
    "Chennai_Mdurvoyl_DC Virtual Customer": "!7_CS",
    "Chennai_Perambur_DC": "!8",
    "Chennai_Perambur_DC Virtual Customer": "!8_CS",
    "Chennai_Selaiyur_DC": "!9",
    "Chennai_Selaiyur_DC Virtual Customer": "!9_CS",
    "Bengaluru_Kengeri_DC": "!A",
    "Chennai_Kundrthr_DC": "!a",
    "Bengaluru_Kengeri_DC Virtual Customer": "!A_CS",
    "Chennai_Kundrthr_DC Virtual Customer": "!a_CS",
    "Bengaluru_Shknagar_DC": "!B",
    "Chennai_Vepmpttu_DC": "!b",
    "Bengaluru_Shknagar_DC Virtual Customer": "!B_CS",
    "Chennai_Vepmpttu_DC Virtual Customer": "!b_CS",
    "Bengaluru_NwYlhnka_DC": "!C",
    "Bengaluru_NwYlhnka_DC Virtual Customer": "!C_CS",
    "Bengaluru_Tcpaly_DC": "!D",
    "Coimbatore_Singnlur_DC": "!d",
    "Bengaluru_Tcpaly_DC Virtual Customer": "!D_CS",
    "Coimbatore_Singnlur_DC Virtual Customer": "!d_CS",
    "Chennai_Guindy_DC": "!e",
    "Bengaluru_Ramangar_DC": "!E",
    "Bengaluru_Ramangar_DC Virtual Customer": "!E_CS",
    "Chennai_Guindy_DC Virtual Customer": "!e_CS",
    "Tirpur_Palladam_DC": "!f",
    "Tumkur_Shetyhli_DC": "!F",
    "Tumkur_Shetyhli_DC Virtual Customer": "!F_CS",
    "Tirpur_Palladam_DC Virtual Customer": "!f_CS",
    "Madurai_Thrmnglm_DC": "!g",
    "Bengaluru_Chamarjt_DC": "!G",
    "Bengaluru_Chamarjt_DC Virtual Customer": "!G_CS",
    "Madurai_Thrmnglm_DC Virtual Customer": "!g_CS",
    "Vellore_AraniRd_DC": "!h",
    "Bengaluru_Vdyrnpra_DC": "!H",
    "Bengaluru_Vdyrnpra_DC Virtual Customer": "!H_CS",
    "Vellore_AraniRd_DC Virtual Customer": "!h_CS",
    "Erode_Paliplym_DC": "!i",
    "Bengaluru_NewBnswd_DC": "!I",
    "Bengaluru_NewBnswd_DC Virtual Customer": "!I_CS",
    "Erode_Paliplym_DC Virtual Customer": "!i_CS",
    "Pondicherry_AnnaNgr_DC": "!j",
    "Bengaluru_Anekal_DC": "!J",
    "Bengaluru_Anekal_DC Virtual Customer": "!J_CS",
    "Pondicherry_AnnaNgr_DC Virtual Customer": "!j_CS",
    "Cuttack_Madhupta_DC": "!K",
    "Trichy_SrnvsNgr_DC": "!k",
    "Cuttack_Madhupta_DC Virtual Customer": "!K_CS",
    "Trichy_SrnvsNgr_DC Virtual Customer": "!k_CS",
    "Bhubaneswar_ShdNgr_DC": "!L",
    "Karur_Thntnmli_DC": "!l",
    "Bhubaneswar_ShdNgr_DC Virtual Customer": "!L_CS",
    "Karur_Thntnmli_DC Virtual Customer": "!l_CS",
    "Salem_Anthnpti_DC": "!m",
    "Berhampur_Chatrpr_DC": "!M",
    "Berhampur_Chatrpr_DC Virtual Customer": "!M_CS",
    "Salem_Anthnpti_DC Virtual Customer": "!m_CS",
    "Bhubaneswar_Khandgri_DC": "!N",
    "Bengaluru_Peenya_IP": "!n",
    "Bhubaneswar_Khandgri_DC Virtual Customer": "!N_CS",
    "Bengaluru_Kengeri_IP": "!o",
    "Hyderabad_Rasoolpr_IP": "!O",
    "Bengaluru_Hoodi_IP": "!p",
    "Hyderabad_Bownply_IP": "!P",
    "Bengaluru_Yelahnka_IP": "!q",
    "Bengaluru_Banshnkr_IP": "!r",
    "Hyderabad_SaiNgr_IP": "!R",
    "Bengaluru_Banshkri_DC": "!s",
    "Vijaywada_Rynapadu_IP": "!S",
    "Bengaluru_Banshkri_DC Virtual Customer": "!s_CS",
    "Visakhapatnam_Gajuwaka_IP": "!T",
    "Bengaluru_Bydrahli_DC": "!t",
    "Bengaluru_Bydrahli_DC Virtual Customer": "!t_CS",
    "Bengaluru_Yeshwpur_DC": "!u",
    "Faridabad_Blbgarh_DC": "!U",
    "Faridabad_Blbgarh_DC Virtual Customer": "!U_CS",
    "Bengaluru_Yeshwpur_DC Virtual Customer": "!u_CS",
    "Bengaluru_Haudin_DC": "!v",
    "Bengaluru_Haudin_DC Virtual Customer": "!v_CS",
    "Bengaluru_Agrahara_DC": "!w",
    "Chennai_Chrompet_PC": "!W",
    "Bengaluru_Agrahara_DC Virtual Customer": "!w_CS",
    "Bengaluru_Agrahara_DC Virtual Warehouse": "!W_CW",
    "Faridabad_SGMNgr_DC": "!X",
    "Bengaluru_Basvngdi_DC": "!x",
    "Faridabad_SGMNgr_DC Virtual Customer": "!X_CS",
    "Bengaluru_Basvngdi_DC Virtual Customer": "!x_CS",
    "Delhi_Vikaspri_DC": "!Y",
    "Delhi_Vikaspri_DC Virtual Customer": "!Y_CS",
    "Bengaluru_Halgvdli_DC": "!z",
    "Delhi_Mayapuri_DC": "!Z",
    "Delhi_Mayapuri_DC Virtual Customer": "!Z_CS",
    "Bengaluru_Halgvdli_DC Virtual Customer": "!z_CS",
    "Gurgaon_Indracly_DC": "@1",
    "Gurgaon_Indracly_DC Virtual Customer": "@1_CS",
    "Lucknow_Chinhat_DC": "@A",
    "Delhi_Paschim_DC": "@a",
    "Lucknow_Chinhat_DC Virtual Customer": "@A_CS",
    "Delhi_Paschim_DC Virtual Customer": "@a_CS",
    "Hissar_Cantt_DC": "@b",
    "Hissar_Cantt_DC Virtual Customer": "@b_CS",
    "Lucknow_Rajajipm_DC": "@B",
    "Lucknow_Rajajipm_DC Virtual Customer": "@B_CS",
    "Rohtak_VPO_DC": "@c",
    "Hyderabad_Kattedan_RPC": "@C",
    "Rohtak_VPO_DC Virtual Customer": "@c_CS",
    "Delhi_LaxmiNgr_DC": "@D",
    "Shimla_Tara_DC": "@d",
    "Delhi_LaxmiNgr_DC Virtual Customer": "@D_CS",
    "Shimla_Tara_DC Virtual Customer": "@d_CS",
    "Hyderabad_Pnjgutta_DC": "@E",
    "Karnal_Taraori_DC": "@e",
    "Hyderabad_Pnjgutta_DC Virtual Customer": "@E_CS",
    "Karnal_Taraori_DC Virtual Customer": "@e_CS",
    "Panipat_Market_DC": "@f",
    "Hyderabad_TrvniNgr_DC": "@F",
    "Hyderabad_TrvniNgr_DC Virtual Customer": "@F_CS",
    "Panipat_Market_DC Virtual Customer": "@f_CS",
    "Delhi_Daryagnj_DC": "@g",
    "Hyderabad_Malakpet_DC": "@G",
    "Hyderabad_Malakpet_DC Virtual Customer": "@G_CS",
    "Delhi_Daryagnj_DC Virtual Customer": "@g_CS",
    "Hyderabad_Vsnthpri_DC": "@H",
    "Delhi_Kalka_DC": "@h",
    "Hyderabad_Vsnthpri_DC Virtual Customer": "@H_CS",
    "Delhi_Kalka_DC Virtual Customer": "@h_CS",
    "Hyderabad_WstMrdpl_DC": "@I",
    "Delhi_Todapur_DC": "@i",
    "Hyderabad_WstMrdpl_DC Virtual Customer": "@I_CS",
    "Delhi_Todapur_DC Virtual Customer": "@i_CS",
    "Hyderabad_PndrgNgr_DC": "@J",
    "Delhi_Mahilpr_DC": "@j",
    "Hyderabad_PndrgNgr_DC Virtual Customer": "@J_CS",
    "Delhi_Mahilpr_DC Virtual Customer": "@j_CS",
    "Delhi_Mangol_DC": "@k",
    "Hyderabad_Nizampet_DC": "@K",
    "Hyderabad_Nizampet_DC Virtual Customer": "@K_CS",
    "Delhi_Mangol_DC Virtual Customer": "@k_CS",
    "Gurgaon_Sohna_DC": "@l",
    "Gurgaon_Sohna_DC Virtual Customer": "@l_CS",
    "Hyderabad_SrngrCln_DC": "@L",
    "Hyderabad_SrngrCln_DC Virtual Customer": "@L_CS",
    "Hyderabad_HydrsKot_DC": "@M",
    "Delhi_OkhlaPh1_DC": "@m",
    "Hyderabad_HydrsKot_DC Virtual Customer": "@M_CS",
    "Delhi_OkhlaPh1_DC Virtual Customer": "@m_CS",
    "Amritsar_Fatehgrh_DC": "@n",
    "Hyderabad_Vnstlprm_DC": "@N",
    "Hyderabad_Vnstlprm_DC Virtual Customer": "@N_CS",
    "Amritsar_Fatehgrh_DC Virtual Customer": "@n_CS",
    "Guntur_Mnglgiri_DC": "@O",
    "Jalandhar_ShahRd_DC": "@o",
    "Guntur_Mnglgiri_DC Virtual Customer": "@O_CS",
    "Jalandhar_ShahRd_DC Virtual Customer": "@o_CS",
    "Tirupati_BljiClny_DC": "@P",
    "Chandigarh_Kharar_DC": "@p",
    "Tirupati_BljiClny_DC Virtual Customer": "@P_CS",
    "Chandigarh_Kharar_DC Virtual Customer": "@p_CS",
    "Vijaywada_Tadigdpa_DC": "@Q",
    "Chandigarh_Airport_IP": "@q",
    "Vijaywada_Tadigdpa_DC Virtual Customer": "@Q_CS",
    "Visakhapatnam_VislkNgr_DC": "@R",
    "Visakhapatnam_VislkNgr_DC Virtual Customer": "@R_CS",
    "Jodhpur_Basni_DC": "@s",
    "Visakhapatnam_Lanknplm_DC": "@S",
    "Visakhapatnam_Lanknplm_DC Virtual Customer": "@S_CS",
    "Jodhpur_Basni_DC Virtual Customer": "@s_CS",
    "Warangal_NrsmptRd_DC": "@T",
    "Jaipur_NgrNigam_DC": "@t",
    "Warangal_NrsmptRd_DC Virtual Customer": "@T_CS",
    "Jaipur_NgrNigam_DC Virtual Customer": "@t_CS",
    "Agra_Idgah_DC": "@u",
    "Delhi_Nangli_IP": "@U",
    "Agra_Idgah_DC Virtual Customer": "@u_CS",
    "Agra_Idgah_DC Virtual Warehouse": "@u_CW",
    "Delhi_UttamNgr_DC": "@V",
    "Delhi_UttamNgr_DC Virtual Customer": "@V_CS",
    "Hyderabad_JubleHls_DC": "@W",
    "Noida_Sec-60_DC": "@w",
    "Hyderabad_JubleHls_DC Virtual Customer": "@W_CS",
    "Noida_Sec-60_DC Virtual Customer": "@w_CS",
    "Ghaziabad_Indraprm_DC": "@x",
    "Hyderabad_Kondapur_DC": "@X",
    "Hyderabad_Kondapur_DC Virtual Customer": "@X_CS",
    "Ghaziabad_Indraprm_DC Virtual Customer": "@x_CS",
    "Allahabad_Phaphamu_DC": "@y",
    "Hyderabad_Narsingi_DC": "@Y",
    "Hyderabad_Narsingi_DC Virtual Customer": "@Y_CS",
    "Allahabad_Phaphamu_DC Virtual Customer": "@y_CS",
    "Bareilly_Rampur_DC": "@z",
    "Siliguri_Ashram_IP": "@Z",
    "Bareilly_Rampur_DC Virtual Customer": "@z_CS",
    "HYD_INTERIM_HUB": "*X",
    "Bengaluru_Marenhli_DC": "#a",
    "Haridwar_BHEL_IP": "#A",
    "Bengaluru_Marenhli_DC Virtual Customer": "#a_CS",
    "Jammu_GndhiNgr_DC": "#B",
    "Mumbai_Bhaynder_DC": "#b",
    "Jammu_GndhiNgr_DC Virtual Customer": "#B_CS",
    "Mumbai_Bhaynder_DC Virtual Customer": "#b_CS",
    "Delhi_Lajpat_IP": "#c",
    "Bengaluru_JayaNgr_DC": "#C",
    "Bengaluru_JayaNgr_DC Virtual Customer": "#C_CS",
    "Delhi_Lajpat_DC": "#D",
    "Ramanagara_BMRd_DC": "#d",
    "Delhi_Lajpat_DC Virtual Customer": "#D_CS",
    "Ramanagara_BMRd_DC Virtual Customer": "#d_CS",
    "Bengaluru_Bomsndra_PC": "#E",
    "Mumbai_Chembur_CP": "#e",
    "Bengaluru_Bomsndra_HB": "#F",
    "Nagpur_RingRd_DC": "#f",
    "Nagpur_RingRd_DC Virtual Customer": "#f_CS",
    "Nagpur_Wadi_DC": "#g",
    "Nagpur_Wadi_DC Virtual Customer": "#g_CS",
    "Bengaluru_KGAirprt_HB": "#h",
    "Bengaluru_SanjyNgr_DC": "#i",
    "Bengaluru_SanjyNgr_DC Virtual Customer": "#i_CS",
    "Ranchi_AshokNgr_IP": "#j",
    "Bengaluru_Budigere_PC": "#k",
    "Bengaluru_Budigere_PC Virtual Warehouse": "#k_CW",
    "Dehradun_RaiprRd_DC": "#l",
    "Dehradun_RaiprRd_DC Virtual Customer": "#l_CS",
    "Mumbai_MiraRd_IP": "#m",
    "Noida_Sec-16_DC": "#n",
    "Noida_Sec-16_DC Virtual Customer": "#n_CS",
    "Udaipur_PratpNgr_DC": "#o",
    "Udaipur_PratpNgr_DC Virtual Customer": "#o_CS",
    "Hyderabad_Katedan_PC": "#p",
    "Hyderabad_Katedan_PC Virtual Warehouse": "#p_CW",
    "Kota_Transport_DC": "#q",
    "Kota_Transport_DC Virtual Customer": "#q_CS",
    "Jabalpur_Adhartal_IP": "#r",
    "Agra_MauRoad_IP": "#s",
    "Aligarh_Qureshi_IP": "#t",
    "Allahabad_GorgeTwn_IP": "#u",
    "Gorakhpur_Matriprm_IP": "#v",
    "Varanasi_MahmurGj_IP": "#y",
    "Dehradhun_HCL_IP": "#z",
    "Mumbai_ ParcelIn_DC": "3I",
    "Mumbai_ ParcelIn_DC Virtual Customer": "3I_CS",
    "Bengaluru_ ParcelIn_DC": "4I",
    "Bengaluru_ ParcelIn_DC Virtual Customer": "4I_CS",
    "Jaipur_ ParcelIn_DC": "6I",
    "Jaipur_ ParcelIn_DC Virtual Customer": "6I_CS",
    "Pune_ ParcelIn_DC": "7I",
    "Pune_ ParcelIn_DC Virtual Customer": "7I_CS",
    "Mumbai_South_Mirakle Virtual Customer": "82_CS",
    "Bardoli_DC": "8b",
    "Bardoli_DC Virtual Customer": "8b_CS",
    "Delhi_ ParcelIn_DC": "8I",
    "Delhi_ ParcelIn_DC Virtual Customer": "8I_CS",
    "Amd_Chandkheda_Dc": "A4",
    "Amd_Chandkheda_Dc Virtual Customer": "A4_CS",
    "AMD_Tragad_DPC": "A9",
    "Ayanambakkam": "AB",
    "Abohar_DC": "Ab",
    "Ayanambakkam Virtual Customer": "AB_CS",
    "Abohar_DC Virtual Customer": "Ab_CS",
    "Amdavad_Central": "AC",
    "Amdavad_Central Virtual Customer": "AC_CS",
    "Amritsar_DPC": "Ad",
    "Garden Colony": "AD",
    "Amdavad_East": "AE",
    "Amdavad_East Virtual Customer": "AE_CS",
    "CCU_Beliaghata_DPC": "AF",
    "Agra": "AG",
    "Agra Virtual Customer": "AG_CS",
    "Amd_Hub": "AH",
    "AhmedNagar_DC": "Ah",
    "AhmedNagar_DC Virtual Customer": "Ah_CS",
    "Aligarh": "AI",
    "Aligarh Virtual Customer": "AI_CS",
    "Ajmer_DC": "AJ",
    "Ajmer_DC Virtual Customer": "AJ_CS",
    "Alwar_DC": "Al",
    "Allahabad": "AL",
    "Allahabad Virtual Customer": "AL_CS",
    "Alwar_DC Virtual Customer": "Al_CS",
    "Ambala": "AM",
    "Amravati_DC": "Am",
    "Ambala Virtual Customer": "AM_CS",
    "Amravati_DC Virtual Customer": "Am_CS",
    "Anand_Dc": "AN",
    "Anjar_DC": "aN",
    "Anantapur_DC": "An",
    "Anand_Dc Virtual Customer": "AN_CS",
    "Anantapur_DC Virtual Customer": "An_CS",
    "Anjar_DC Virtual Customer": "aN_CS",
    "Chandigarh_Hub": "AO",
    "Chandigarh_Hub Virtual Warehouse": "AO_CW",
    "Airport": "AP",
    "Airport Virtual Customer": "AP_CS",
    "CCU_New Alipore_DPC": "AQ",
    "Aurangabad": "AR",
    "Aurangabad Virtual Customer": "AR_CS",
    "Asansol_DC": "As",
    "Guwahati_Jalukbari": "AS",
    "Guwahati_Jalukbari Virtual Customer": "AS_CS",
    "Asansol_DC Virtual Customer": "As_CS",
    "Amritsar_DC": "AT",
    "Amritsar_DC Virtual Customer": "AT_CS",
    "Pune_PC": "AU",
    "Surat_HUB": "AV",
    "Coimbatore_Karayam_IP": "aw",
    "Pune_RPC": "AW",
    "Chandigarh_Mohali": "AX",
    "Chandigarh_Mohali Virtual Customer": "AX_CS",
    "Amreli_MrktYrd_DC": "Ay",
    "Chennai_Ayanavaram": "AY",
    "Chennai_Ayanavaram Virtual Customer": "AY_CS",
    "Amreli_MrktYrd_DC Virtual Customer": "Ay_CS",
    "CCU_DumDum": "AZ",
    "CCU_DumDum Virtual Customer": "AZ_CS",
    "Bengaluru_Bommanahalli_DC": "b0",
    "Bengaluru_Bommanahalli_DC Virtual Customer": "b0_CS",
    "Bhiwandi_Pc": "B1",
    "Bengaluru_Jayanagar": "B2",
    "Bengaluru_Jayanagar Virtual Customer": "B2_CS",
    "Batala_DC": "b3",
    "Bhiwandi_RPC": "B3",
    "Batala_DC Virtual Customer": "b3_CS",
    "Bhatinda_DPC": "B4",
    "BLR_RPC": "B5",
    "Bikaner_SClubRd_DC": "B6",
    "Bikaner_SClubRd_DC Virtual Customer": "B6_CS",
    "Barnala_DC": "B7",
    "Barnala_DC Virtual Customer": "B7_CS",
    "Pune_Warje_Dc": "B8",
    "Pune_Warje_Dc Virtual Customer": "B8_CS",
    "Bally_DC": "b9",
    "Bengaluru_Baglur": "B9",
    "Bengaluru_Baglur Virtual Customer": "B9_CS",
    "Bally_DC Virtual Customer": "b9_CS",
    "Bahadurgarh_DC": "Ba",
    "Bhatinda": "BA",
    "Barrackpore_N24PGS": "ba",
    "Bhatinda Virtual Customer": "BA_CS",
    "Bahadurgarh_DC Virtual Customer": "Ba_CS",
    "Barrackpore_N24PGS Virtual Customer": "ba_CS",
    "Bhubaneshwar_1": "BB",
    "Bhubaneshwar_1 Virtual Customer": "BB_CS",
    "BLR_Central": "BC",
    "BLR_Central Virtual Customer": "BC_CS",
    "Delhi_Badarpur": "BD",
    "Delhi_Badarpur Virtual Customer": "BD_CS",
    "Bengaluru_East": "BE",
    "Bengaluru_East Virtual Customer": "BE_CS",
    "Beawar_AjmerRd_DC": "Bf",
    "Beawar_AjmerRd_DC Virtual Customer": "Bf_CS",
    "Blr_Ganabharathi": "BG",
    "Blr_Ganabharathi Virtual Customer": "BG_CS",
    "Bharuch_DC": "bh",
    "Bhiwadi DC": "Bh",
    "BLR_Hub": "BH",
    "Bhuj_DC": "bH",
    "Bhiwadi DC Virtual Customer": "Bh_CS",
    "Bhuj_DC Virtual Customer": "bH_CS",
    "Bharuch_DC Virtual Customer": "bh_CS",
    "Bengaluru_Rajajinagar_Dc": "BI",
    "ccu_birati": "Bi",
    "Bilimora_DC": "bI",
    "Bengaluru_Rajajinagar_Dc Virtual Customer": "BI_CS",
    "ccu_birati Virtual Customer": "Bi_CS",
    "Bilimora_DC Virtual Customer": "bI_CS",
    "Bhopal_Pulbogda": "BJ",
    "Bhubaneswar_BjbNgr_DC": "Bj",
    "Kolkata_Barasat_DC": "bJ",
    "Bhopal_Pulbogda Virtual Customer": "BJ_CS",
    "Bhubaneswar_BjbNgr_DC Virtual Customer": "Bj_CS",
    "Kolkata_Barasat_DC Virtual Customer": "bJ_CS",
    "Bellary_Dc": "bk",
    "Bikaner_DC": "BK",
    "Bikaner_DC Virtual Customer": "BK_CS",
    "Bellary_Dc Virtual Customer": "bk_CS",
    "Belgaum_Dc": "BL",
    "Belgaum_Dc Virtual Customer": "BL_CS",
    "Ghaziabad_Patel Nagar": "BM",
    "Ghaziabad_Patel Nagar Virtual Customer": "BM_CS",
    "Bhavnagar_Dc": "BN",
    "Bhavnagar_Dc Virtual Customer": "BN_CS",
    "Bharatpur_DC": "bO",
    "Botad_DC": "Bo",
    "Mumbai Borivali": "BO",
    "Mumbai Borivali Virtual Customer": "BO_CS",
    "Botad_DC Virtual Customer": "Bo_CS",
    "Bharatpur_DC Virtual Customer": "bO_CS",
    "Bhopal MP Nagar": "BP",
    "Blr_Ava_Pc": "Bp",
    "Bhopal MP Nagar Virtual Customer": "BP_CS",
    "Bengaluru_Millers_Dc": "BQ",
    "Bengaluru_Millers_Dc Virtual Customer": "BQ_CS",
    "Bareilly": "BR",
    "Bareilly Virtual Customer": "BR_CS",
    "Bengaluru_South": "BS",
    "Bengaluru_South Virtual Customer": "BS_CS",
    "Bidar": "BT",
    "Bidar Virtual Customer": "BT_CS",
    "Bhopal_Kasturba_IP": "bu",
    "Bengaluru_Arakere_Dc": "BU",
    "Bengaluru_Arakere_Dc Virtual Customer": "BU_CS",
    "Ahmedabad_Bavla_DC": "bV",
    "Delhi_Barwala": "BV",
    "Delhi_Barwala Virtual Customer": "BV_CS",
    "Ahmedabad_Bavla_DC Virtual Customer": "bV_CS",
    "Bengaluru_West": "BW",
    "Bengaluru_West Virtual Customer": "BW_CS",
    "Bengaluru_Bellandur": "BX",
    "Beawar_DC": "Bx",
    "Bengaluru_Bellandur Virtual Customer": "BX_CS",
    "Beawar_DC Virtual Customer": "Bx_CS",
    "Ghaziabad_Nehru Nagar": "BY",
    "Ghaziabad_Nehru Nagar Virtual Customer": "BY_CS",
    "Bhubaneshwar_Nayapalli": "BZ",
    "Bhubaneshwar_Nayapalli Virtual Customer": "BZ_CS",
    "CCU_Jadavpur": "C1",
    "Muzaffarpur_Bbganj_DC": "c1",
    "CCU_Jadavpur Virtual Customer": "C1_CS",
    "Muzaffarpur_Bbganj_DC Virtual Customer": "c1_CS",
    "Chennai_AshokNagar_DC": "C2",
    "Gaya_Bagshwri_DC": "c2",
    "Chennai_AshokNagar_DC Virtual Customer": "C2_CS",
    "Gaya_Bagshwri_DC Virtual Customer": "c2_CS",
    "Bhagalpur_Pbroad_DC": "c3",
    "Chennai_Porur_DC": "C3",
    "Chennai_Porur_DC Virtual Customer": "C3_CS",
    "Bhagalpur_Pbroad_DC Virtual Customer": "c3_CS",
    "Patna_Skpuram_DC": "c4",
    "Patna_Skpuram_DC Virtual Customer": "c4_CS",
    "Chennai_Avadi": "C5",
    "Chidambaram_ARBNorth_DC": "c5",
    "Chennai_Avadi Virtual Customer": "C5_CS",
    "Chidambaram_ARBNorth_DC Virtual Customer": "c5_CS",
    "Bokaro_KSClny_DC": "c6",
    "Bokaro_KSClny_DC Virtual Customer": "c6_CS",
    "Dhanbad_Jharia_DC": "c7",
    "Dhanbad_Jharia_DC Virtual Customer": "c7_CS",
    "Jamshedpur_Agrico_DC": "c8",
    "Chennai_Sholinganallur_Dc": "C8",
    "Chennai_Sholinganallur_Dc Virtual Customer": "C8_CS",
    "Jamshedpur_Agrico_DC Virtual Customer": "c8_CS",
    "Chennai_Redhills": "C9",
    "Chennai_Redhills Virtual Customer": "C9_CS",
    "Chennai_Alandur _Pc": "CA",
    "CJB": "CB",
    "CJB Virtual Customer": "CB_CS",
    "CCU_North": "CC",
    "CCU_North Virtual Customer": "CC_CS",
    "Cuddalore_DC": "CD",
    "Cuddalore_DC Virtual Customer": "CD_CS",
    "CCU_Entally": "CE",
    "CCU_Entally Virtual Customer": "CE_CS",
    "Chandigarh_Sec-52_DC": "CF",
    "Chandigarh_Sec-52_DC Virtual Customer": "CF_CS",
    "Central Goa": "CG",
    "Central Goa Virtual Customer": "CG_CS",
    "Chandigarh": "CH",
    "Chikmagalur_DC": "cH",
    "Chittoor_DC": "Ch",
    "Chandigarh Virtual Customer": "CH_CS",
    "Chittoor_DC Virtual Customer": "Ch_CS",
    "Chikmagalur_DC Virtual Customer": "cH_CS",
    "CCU_SaltLake": "CI",
    "Chitradurga_DC": "Ci",
    "CCU_SaltLake Virtual Customer": "CI_CS",
    "Chitradurga_DC Virtual Customer": "Ci_CS",
    "Star CJ implant": "CJ",
    "Star CJ implant Virtual Warehouse": "CJ_CW",
    "Coke_Blr": "CK",
    "Coke_Blr Virtual Customer": "CK_CS",
    "Bengaluru_Konkunte_DC": "cm",
    "Chromepet": "CM",
    "Chromepet Virtual Customer": "CM_CS",
    "Bengaluru_Konkunte_DC Virtual Customer": "cm_CS",
    "Cochin_Dc": "CN",
    "Cochin_Dc Virtual Customer": "CN_CS",
    "Chittaurgarh_DC": "cO",
    "Chittaurgarh_DC Virtual Customer": "cO_CS",
    "Chennai_Potheri": "CP",
    "Chennai_Potheri Virtual Customer": "CP_CS",
    "CCU_Tollygunje": "CQ",
    "CCU_Tollygunje Virtual Customer": "CQ_CS",
    "Chennai_Sriperumbudur_Dc": "CR",
    "Chennai_Sriperumbudur_Dc Virtual Customer": "CR_CS",
    "CCU_South": "CS",
    "CCU_South Virtual Customer": "CS_CS",
    "Mumbai Mira Rd": "CT",
    "Mumbai Mira Rd Virtual Customer": "CT_CS",
    "Cuddapah_DC": "Cu",
    "cuttack": "CU",
    "cuttack Virtual Customer": "CU_CS",
    "Cuddapah_DC Virtual Customer": "Cu_CS",
    "Chennai_Vandalur_Dc": "CV",
    "Chennai_Vandalur_Dc Virtual Customer": "CV_CS",
    "Cjb_West_Dc": "CW",
    "Cjb_West_Dc Virtual Customer": "CW_CS",
    "Chandigarh_Panchkula": "CX",
    "Cjb_Hub": "Cx",
    "Chandigarh_Panchkula Virtual Customer": "CX_CS",
    "Gurgaon_Dundahera": "CY",
    "Gurgaon_Dundahera Virtual Customer": "CY_CS",
    "CCU_Behala": "CZ",
    "CCU_Lake Avenue_CP": "cz",
    "CCU_Behala Virtual Customer": "CZ_CS",
    "Durg_Pulgaon_DC": "D0",
    "Durg_Pulgaon_DC Virtual Customer": "D0_CS",
    "Delhi_East_RPC": "D1",
    "Hazaribag_BodomBzr_DC": "d1",
    "Hazaribag_BodomBzr_DC Virtual Customer": "d1_CS",
    "Deesa_HawaiPlr_DC": "d2",
    "Dhanbad_Hirapur": "D2",
    "Dhanbad_Hirapur Virtual Customer": "D2_CS",
    "Deesa_HawaiPlr_DC Virtual Customer": "d2_CS",
    "Bhopal_Indrapri_DC": "D3",
    "Bhopal_Indrapri_DC Virtual Customer": "D3_CS",
    "Sagar_Makronia_DC": "D4",
    "Sagar_Makronia_DC Virtual Customer": "D4_CS",
    "Korba_Tilknagr_DC": "D6",
    "Korba_Tilknagr_DC Virtual Customer": "D6_CS",
    "Bilaspur_Torwa_DC": "D7",
    "Indore_DewasNka_HB": "d7",
    "Bilaspur_Torwa_DC Virtual Customer": "D7_CS",
    "Nagarcoil_AsrplmRd_DC": "D8",
    "Nagarcoil_AsrplmRd_DC Virtual Customer": "D8_CS",
    "Delhi_Gateway": "d9",
    "Delhi_Mayapuri_PC": "D9",
    "Dahod_DC": "Da",
    "dhanbad": "DA",
    "dhanbad Virtual Customer": "DA_CS",
    "Dahod_DC Virtual Customer": "Da_CS",
    "Durg_Bhilai_DC": "DB",
    "Durg_Bhilai_DC Virtual Customer": "DB_CS",
    "Delhi_Central": "DC",
    "Delhi_Central Virtual Customer": "DC_CS",
    "Delhi_South": "DD",
    "Delhi_South Virtual Customer": "DD_CS",
    "Dehradun": "DE",
    "Delhi_AshokNgr_DC": "De",
    "Dehradun Virtual Customer": "DE_CS",
    "Delhi_AshokNgr_DC Virtual Customer": "De_CS",
    "Pune_Kasrwadi_DC": "df",
    "Pune_Kasrwadi_DC Virtual Customer": "df_CS",
    "Durgapur_DC": "DG",
    "Durgapur_DC Virtual Customer": "DG_CS",
    "Dhuri_DC": "Dh",
    "DEL_LS_Hub": "DH",
    "Kolkata_Dankuni_HB": "dH",
    "Villupuram_Thirumtr_IP": "dh",
    "Dhuri_DC Virtual Customer": "Dh_CS",
    "Daman_DC": "dI",
    "HS18 Daruhera Implant": "DI",
    "Dindigul_DC": "Di",
    "Dindigul_DC Virtual Customer": "Di_CS",
    "Daman_DC Virtual Customer": "dI_CS",
    "Delhi_Bhajanpura": "DJ",
    "Delhi_Bhajanpura Virtual Customer": "DJ_CS",
    "Delhi_Kalka Ji DC": "DK",
    "Delhi_Kalka Ji DC Virtual Customer": "DK_CS",
    "Blr_Domlur": "DM",
    "Blr_Domlur Virtual Warehouse": "DM_CW",
    "Delhi Moti Nagar": "DN",
    "Delhi Moti Nagar Virtual Customer": "DN_CS",
    "Delhi_Mohammadpur": "DO",
    "Delhi_Mohammadpur Virtual Customer": "DO_CS",
    "Delhi_Chattrpr_DC": "DP",
    "Delhi_Chattrpr_DC Virtual Customer": "DP_CS",
    "Delhi_Naraina_DC": "DQ",
    "Delhi_Naraina_DC Virtual Customer": "DQ_CS",
    "Del_B_RPC": "DR",
    "Delhi_Shahdara": "DS",
    "Mysore_Yadvgiri_IP": "ds",
    "Delhi_Shahdara Virtual Customer": "DS_CS",
    "Delhi_Timarpur": "DT",
    "Delhi_Timarpur Virtual Customer": "DT_CS",
    "Delhi_mukherjeenagar": "DU",
    "Delhi_mukherjeenagar Virtual Customer": "DU_CS",
    "Chennai_Chrompet_RP": "dV",
    "Dehradun_Mussoori_DC": "dv",
    "Dehradun_Mussoori_DC Virtual Customer": "dv_CS",
    "Dharwad_Dc": "DW",
    "Dharwad_Dc Virtual Customer": "DW_CS",
    "EC.Erode": "E1",
    "Ratlam_Khjurwli_DC": "e1",
    "Ratlam_Khjurwli_DC Virtual Customer": "e1_CS",
    "EC.Salem": "E2",
    "EC.Salem Virtual Customer": "E2_CS",
    "EC.Karur": "E3",
    "Indore_Gurukul_DC": "e3",
    "Indore_Gurukul_DC Virtual Customer": "e3_CS",
    "EC.Madurai": "E4",
    "Khandwa_Anandngr_DC": "e4",
    "EC.Madurai Virtual Customer": "E4_CS",
    "Khandwa_Anandngr_DC Virtual Customer": "e4_CS",
    "Ujjain_Nijatpur_DC": "e5",
    "Ujjain_Nijatpur_DC Virtual Customer": "e5_CS",
    "Rudrapur_Sidcul_DC": "e7",
    "Rudrapur_Sidcul_DC Virtual Customer": "e7_CS",
    "Chatrapur_PoStreet_DC": "e8",
    "Chatrapur_PoStreet_DC Virtual Customer": "e8_CS",
    "Bengaluru_JPNagar_Dc": "EB",
    "Gurgaon_ACH": "eB",
    "Bengaluru_JPNagar_Dc Virtual Customer": "EB_CS",
    "East Delhi": "ED",
    "East Delhi Virtual Customer": "ED_CS",
    "Hyd_Nagol_PC": "EE",
    "Hyd_Kavadiguda_PC": "EN",
    "Hyd_Mehdipatnam_PC": "EQ",
    "Erode": "ER",
    "Erode Virtual Customer": "ER_CS",
    "Eluru_Agraharm_DC": "eU",
    "Eluru_Agraharm_DC Virtual Customer": "eU_CS",
    "Ahmedabad_Chndkhda_RP": "eX",
    "Haridwar_Shivalik_DC": "f1",
    "Halol_Abhetwa_DC": "F1",
    "Halol_Abhetwa_DC Virtual Customer": "F1_CS",
    "Haridwar_Shivalik_DC Virtual Customer": "f1_CS",
    "GGN_DPC": "F9",
    "CCU_Gopalpur_PC": "FA",
    "CCU_Gopalpur_PC Virtual Warehouse": "FA_CW",
    "Faridabad": "FB",
    "Faridabad Virtual Customer": "FB_CS",
    "Mumbai_Kalyan_CP": "FC",
    "Mumbai_Sanpada_CP": "fc",
    "Ferozepur_DC": "Fe",
    "Ferozepur_DC Virtual Customer": "Fe_CS",
    "FBD_RPC": "FF",
    "AMD_PC": "FG",
    "AMD_PC Virtual Warehouse": "FG_CW",
    "AMD_Memnagar_DPC": "FI",
    "Pune_Shivajinagar": "FJ",
    "Pune_Shivajinagar Virtual Customer": "FJ_CS",
    "Shillong_Mawlai_DC": "fk",
    "Faridabad_Old": "FK",
    "Faridabad_Old Virtual Customer": "FK_CS",
    "Shillong_Mawlai_DC Virtual Customer": "fk_CS",
    "Silvassa_DC": "FN",
    "Silvassa_DC Virtual Customer": "FN_CS",
    "Patna_Danapur_DC": "fp",
    "Patna_Danapur_DC Virtual Customer": "fp_CS",
    "Karwar_KaikiRd_DC": "Fq",
    "Mumbai_Malad_DPC": "FQ",
    "Karwar_KaikiRd_DC Virtual Customer": "Fq_CS",
    "Kanpur_GovndNgr_DC": "Fr",
    "Mumbai_Bhandup_DPC": "FR",
    "Kanpur_GovndNgr_DC Virtual Customer": "Fr_CS",
    "Mumbai_CottonGreen_DPC": "FS",
    "Guwahati_Chandmari": "FT",
    "Guwahati_Chandmari Virtual Customer": "FT_CS",
    "AMD_Maninagar": "FU",
    "AMD_Maninagar Virtual Customer": "FU_CS",
    "AMD_Memnagar": "FV",
    "AMD_Memnagar Virtual Customer": "FV_CS",
    "AMD_Naroda": "FW",
    "AMD_Naroda Virtual Customer": "FW_CS",
    "AMD_Paldi": "FX",
    "Faridkot_DC": "Fx",
    "AMD_Paldi Virtual Customer": "FX_CS",
    "Faridkot_DC Virtual Customer": "Fx_CS",
    "Fashion&You-Implant": "FY",
    "AMD_Rakhial": "FZ",
    "AMD_Rakhial Virtual Customer": "FZ_CS",
    "Gurdaspur_DC": "G1",
    "Gandhidham_Sector1A_IP": "g1",
    "Gurdaspur_DC Virtual Customer": "G1_CS",
    "Guwahati_UzanBazr_DC": "g2",
    "Ghaziabad_Vasundhra": "G2",
    "Ghaziabad_Vasundhra Virtual Customer": "G2_CS",
    "Guwahati_UzanBazr_DC Virtual Customer": "g2_CS",
    "Morbi_Lalpar_IP": "g3",
    "Rajkot_Kothriya_DC": "G3",
    "Rajkot_Kothriya_DC Virtual Customer": "G3_CS",
    "Vapi_Salvav_IP": "g4",
    "Surat_Kadodara_DC": "G4",
    "Surat_Kadodara_DC Virtual Customer": "G4_CS",
    "Mumbai_Ghansoli_DC": "g6",
    "Mumbai_Ghansoli_DC Virtual Customer": "g6_CS",
    "Jamnagar_GIDC3_IP": "g7",
    "Jamnagar_Nagnath_DC": "G7",
    "Jamnagar_Nagnath_DC Virtual Customer": "G7_CS",
    "Ahmedabad_Ambli_DC": "g8",
    "Anand_VUNagar_DC": "G8",
    "Anand_VUNagar_DC Virtual Customer": "G8_CS",
    "Ahmedabad_Ambli_DC Virtual Customer": "g8_CS",
    "Ghaziabad_Pratap Vihar": "G9",
    "Ghaziabad_Pratap Vihar Virtual Customer": "G9_CS",
    "AMD_Satellite": "GA",
    "Gandhidham_DC": "Ga",
    "AMD_Satellite Virtual Customer": "GA_CS",
    "Gandhidham_DC Virtual Customer": "Ga_CS",
    "Ghaziabad": "GB",
    "Ghaziabad Virtual Customer": "GB_CS",
    "Sukhrali PC": "GC",
    "Delhi_Govindpura": "GD",
    "Delhi_Govindpura Virtual Customer": "GD_CS",
    "Guwahati_East": "GE",
    "Guwahati_East Virtual Customer": "GE_CS",
    "Gurgaon": "GG",
    "Gurgaon Virtual Customer": "GG_CS",
    "Goa_Hub": "gh",
    "Gurgaon_Bilaspur_HB": "Gh",
    "Guwahati_Hub": "GH",
    "Ludhiana_MilrGanj_HB": "gH",
    "Giddarbaha_DC": "Gi",
    "Giddarbaha_DC Virtual Customer": "Gi_CS",
    "Gurgaon_NewColony Mor": "GJ",
    "Gurgaon_NewColony Mor Virtual Customer": "GJ_CS",
    "Gorakhpur": "GK",
    "Gorakhpur Virtual Customer": "GK_CS",
    "Goa_Margao_Dc": "GM",
    "Goa_Margao_Dc Virtual Customer": "GM_CS",
    "Greater_Noida": "GN",
    "Greater_Noida Virtual Customer": "GN_CS",
    "Gondal_DC": "go",
    "Godhra_DC": "Go",
    "Gorakhpur_Taramndl_DC": "gO",
    "Panaji Goa": "GO",
    "Panaji Goa Virtual Customer": "GO_CS",
    "Godhra_DC Virtual Customer": "Go_CS",
    "Gorakhpur_Taramndl_DC Virtual Customer": "gO_CS",
    "Gondal_DC Virtual Customer": "go_CS",
    "GGN_PCL_VRTL": "gp",
    "Govindpuri_PC": "GP",
    "Gurgaon_Kadipur": "GQ",
    "Gurgaon_Kadipur Virtual Customer": "GQ_CS",
    "Gwalior_DC": "GR",
    "Gwalior_DC Virtual Customer": "GR_CS",
    "Guwahati_South": "GS",
    "Gurgaon_SohnaRd_L": "gS",
    "Guwahati_South Virtual Customer": "GS_CS",
    "Bhubaneshwar_Khurda_IP": "gT",
    "Gangtok_TibetRd_DC": "gt",
    "Guntur_DC": "GT",
    "Guntur_DC Virtual Customer": "GT_CS",
    "Gangtok_TibetRd_DC Virtual Customer": "gt_CS",
    "Gulbarga": "GU",
    "Guwahati_North": "Gu",
    "Gulbarga Virtual Customer": "GU_CS",
    "Guwahati_North Virtual Customer": "Gu_CS",
    "Guwahati_West": "GW",
    "Guwahati_West Virtual Customer": "GW_CS",
    "Gurgaon_Palam Vihar": "GX",
    "Gurgaon_Palam Vihar Virtual Customer": "GX_CS",
    "Gurgaon_Choma": "GY",
    "Sirsa_Shyam_DC": "gz",
    "Guwahati_Sixmile": "GZ",
    "Guwahati_Sixmile Virtual Customer": "GZ_CS",
    "Sirsa_Shyam_DC Virtual Customer": "gz_CS",
    "Begumpet HYD": "H1",
    "Ghaziabad_RjndrNgr_DC": "h1",
    "Begumpet HYD Virtual Customer": "H1_CS",
    "Ghaziabad_RjndrNgr_DC Virtual Customer": "h1_CS",
    "Mehedipatnam": "H2",
    "Mehedipatnam Virtual Customer": "H2_CS",
    "Nagpur_Somalwda_IP": "h3",
    "Hyd_East": "H3",
    "Hyd_East Virtual Customer": "H3_CS",
    "Lucknow_Hajipur_DC": "h4",
    "Lucknow_Hajipur_DC Virtual Customer": "h4_CS",
    "Jaipur_VarunCly_DC": "h5",
    "Jaipur_VarunCly_DC Virtual Customer": "h5_CS",
    "Hodel_DC": "h6",
    "Hyd-Ecil": "H6",
    "Hyd-Ecil Virtual Customer": "H6_CS",
    "Hodel_DC Virtual Customer": "h6_CS",
    "Silvassa_AyapaTpl_DC": "h7",
    "Hyd_LB-Nagar_Dc": "H7",
    "Hyd_LB-Nagar_Dc Virtual Customer": "H7_CS",
    "Silvassa_AyapaTpl_DC Virtual Customer": "h7_CS",
    "Hyderabad_DRDL_DC": "h8",
    "Hyd_Chandanagar_Dc": "H8",
    "Hyd_Chandanagar_Dc Virtual Customer": "H8_CS",
    "Hyderabad_DRDL_DC Virtual Customer": "h8_CS",
    "Puttur_Darbe_DC": "h9",
    "Hoshiarpur_DC": "H9",
    "Hoshiarpur_DC Virtual Customer": "H9_CS",
    "Puttur_Darbe_DC Virtual Customer": "h9_CS",
    "Hassan_DC": "Ha",
    "Hubli_Adargchi_IP": "hA",
    "Hyd_Abids_Dc": "HA",
    "Hyd_Abids_Dc Virtual Customer": "HA_CS",
    "Hassan_DC Virtual Customer": "Ha_CS",
    "North BLR": "HB",
    "Mahabubnagar_DC": "Hb",
    "North BLR Virtual Customer": "HB_CS",
    "Mahabubnagar_DC Virtual Customer": "Hb_CS",
    "Chennai_Hub": "HC",
    "Haridwar": "HD",
    "Haridwar Virtual Customer": "HD_CS",
    "Hyd_Attapur_Dc": "HE",
    "Hyd_Attapur_Dc Virtual Customer": "HE_CS",
    "Hyd_BkGuda_Dc": "HF",
    "Hyd_BkGuda_Dc Virtual Customer": "HF_CS",
    "Hyd_Gachibowli": "HG",
    "Hyd_Gachibowli Virtual Customer": "HG_CS",
    "Hanamkonda_Narsampet_DC": "Hh",
    "Hyd_Hub": "HH",
    "Hanamkonda_Narsampet_DC Virtual Customer": "Hh_CS",
    "Hisar": "HI",
    "Himmatnagar_DC": "Hi",
    "Hisar Virtual Customer": "HI_CS",
    "Himmatnagar_DC Virtual Customer": "Hi_CS",
    "LMOps_New_Joining": "hJ",
    "Hyd_Tarnaka_Dc": "HJ",
    "Hyd_Tarnaka_Dc Virtual Customer": "HJ_CS",
    "Hyd_Kukatpally_PC": "HK",
    "Gurgaon_Begumpur_CP": "hl",
    "Hyd_Tolichowki_Dc": "HL",
    "Hubli_Dc": "Hl",
    "Hyd_Tolichowki_Dc Virtual Customer": "HL_CS",
    "Hubli_Dc Virtual Customer": "Hl_CS",
    "Hyd_Kavadiguda_Dc": "HM",
    "Hyd_Kavadiguda_Dc Virtual Customer": "HM_CS",
    "Hyd_North": "HN",
    "Hyd_North Virtual Customer": "HN_CS",
    "Hooghly_DC": "Ho",
    "Hoskote_DC": "hO",
    "Hyd_Miyapur_Dc": "HO",
    "Hyd_Miyapur_Dc Virtual Customer": "HO_CS",
    "Hooghly_DC Virtual Customer": "Ho_CS",
    "Hoskote_DC Virtual Customer": "hO_CS",
    "BLR_HegdeNagar_PC": "HP",
    "HQ": "HQ",
    "Hyd_Trimulgherry_Dc": "HR",
    "Hyd_Trimulgherry_Dc Virtual Customer": "HR_CS",
    "Hosur_Dc": "HS",
    "Surat_Hazira_DC": "hs",
    "Hosur_Dc Virtual Customer": "HS_CS",
    "Surat_Hazira_DC Virtual Customer": "hs_CS",
    "Hospet": "HT",
    "Hospet Virtual Customer": "HT_CS",
    "Hyd_Uppal_Dc": "HU",
    "Hyd_Uppal_Dc Virtual Customer": "HU_CS",
    "Hyd_Jeedimetla_Dc": "HV",
    "Hyd_Jeedimetla_Dc Virtual Customer": "HV_CS",
    "Hyd_Banjarahills_DC": "HW",
    "Bhavnagar_Mahuva_DC": "hW",
    "Hyd_Banjarahills_DC Virtual Customer": "HW_CS",
    "Bhavnagar_Mahuva_DC Virtual Customer": "hW_CS",
    "Shillong_Laban_DC": "hx",
    "Hyd_Sayeedabad_Dc": "HX",
    "Hyd_Sayeedabad_Dc Virtual Customer": "HX_CS",
    "Shillong_Laban_DC Virtual Customer": "hx_CS",
    "Hyd_Balanagar": "HY",
    "Hyd_Balanagar Virtual Customer": "HY_CS",
    "Hathras": "HZ",
    "Hanumangarh_DC": "Hz",
    "Hathras Virtual Customer": "HZ_CS",
    "Hanumangarh_DC Virtual Customer": "Hz_CS",
    "Goa_ZuariNgr_IP": "i2",
    "HS18_Pataudi_I": "I2",
    "Valyoo_Implant": "I3",
    "BLR_JPNagar_Pc": "IA",
    "BLR_HSR_Layout_PC": "IB",
    "HBR Layout PC": "IC",
    "Indore Palasia": "ID",
    "Indore Palasia Virtual Customer": "ID_CS",
    "PNQ Rahatani DPC": "IE",
    "PNQ Vadgaon Sheri DPC": "IG",
    "Delhi_Gateway_HB": "iH",
    "Kanchipuram_DC": "IK",
    "Kanchipuram_DC Virtual Customer": "IK_CS",
    "Indore_Marimata": "IM",
    "Indore_Marimata Virtual Customer": "IM_CS",
    "Indore_Las": "IN",
    "Indore_New Palasia": "IP",
    "Indore_New Palasia Virtual Customer": "IP_CS",
    "Indore_Rajendra nagar": "IR",
    "Indore_Rajendra nagar Virtual Customer": "IR_CS",
    "PNQ Marketyard DPC": "IS",
    "Barthal_implant": "IT",
    "PNQ Pashan DPC": "IU",
    "Indore_Lasudia_DPC": "IX",
    "AMD_Rakhial_DPC": "IZ",
    "Jaipur_PrtapNgr_DC": "Iz",
    "Jaipur_PrtapNgr_DC Virtual Customer": "Iz_CS",
    "Jalandhar_DC": "J",
    "Jalandhar_DC Virtual Customer": "J_CS",
    "Jhajjar_DC": "j1",
    "Jhajjar_DC Virtual Customer": "j1_CS",
    "Jhunjhunu_DC": "j2",
    "Jhunjhunu_DC Virtual Customer": "j2_CS",
    "Surat_Tadwadi_DC": "j3",
    "Junagadh_DPC": "J3",
    "Surat_Tadwadi_DC Virtual Customer": "j3_CS",
    "Surat_Magob_DPC": "J4",
    "Surat_Varachha_DC": "j4",
    "Surat_Varachha_DC Virtual Customer": "j4_CS",
    "Vadodara_Karelibaug_DPC": "J5",
    "Vadodara_AjwaRd_DC": "j5",
    "Vadodara_AjwaRd_DC Virtual Customer": "j5_CS",
    "Jalandhar_DPC": "j7",
    "Gwalior_VastrNgrDC": "j8",
    "Goa_Mapusa": "J8",
    "Goa_Mapusa Virtual Customer": "J8_CS",
    "Gwalior_VastrNgrDC Virtual Customer": "j8_CS",
    "Darbhanga_Laheria_DC": "J9",
    "Darbhanga_Laheria_DC Virtual Customer": "J9_CS",
    "Amreli_Rajula_DC": "jA",
    "Jalgaon_DC": "Ja",
    "Jalgaon_DC Virtual Customer": "Ja_CS",
    "Amreli_Rajula_DC Virtual Customer": "jA_CS",
    "Jabalpur": "JB",
    "Jabalpur Virtual Customer": "JB_CS",
    "Jodhpur": "JD",
    "Mangalore_Kavoor_DC": "Jd",
    "Salem_Kadtmpty_IP": "jD",
    "Jodhpur Virtual Customer": "JD_CS",
    "Mangalore_Kavoor_DC Virtual Customer": "Jd_CS",
    "Jetpur_DC": "Je",
    "Jetpur_DC Virtual Customer": "Je_CS",
    "Jamnagar_Dc": "JG",
    "Jamnagar_Dc Virtual Customer": "JG_CS",
    "Jaipur_Hub": "JH",
    "Jaipur_Hub Virtual Warehouse": "JH_CW",
    "Jalpaiguri_Samajpra_DC": "Jl",
    "Jalpaiguri_Samajpra_DC Virtual Customer": "Jl_CS",
    "jamshedpur": "JM",
    "jamshedpur Virtual Customer": "JM_CS",
    "Jammu_SubhashNagar_DC": "JN",
    "Jammu_SubhashNagar_DC Virtual Customer": "JN_CS",
    "Jamshedpur_Adityapur_DC": "Jp",
    "Janakpuri": "JP",
    "Janakpuri Virtual Customer": "JP_CS",
    "Jamshedpur_Adityapur_DC Virtual Customer": "Jp_CS",
    "Jalandhar_Sodal Road": "JR",
    "Jalandhar_Sodal Road Virtual Customer": "JR_CS",
    "Jalandhar_Sodal Road Virtual Warehouse": "JR_CW",
    "Jaipur_vaishali Nagar": "JS",
    "Jaipur_vaishali Nagar Virtual Center": "JS_CS",
    "Junagadh_DC": "Ju",
    "Junagadh_DC Virtual Customer": "Ju_CS",
    "Jaipur_Malviya Nagar": "JV",
    "Jaipur_Malviya Nagar Virtual Customer": "JV_CS",
    "Jagraon_DC": "Jx",
    "Jagraon_DC Virtual Customer": "Jx_CS",
    "RS.Bellary": "K1",
    "RS.Bellary Virtual Customer": "K1_CS",
    "RS.Gulbarga": "K2",
    "RS.Gulbarga Virtual Customer": "K2_CS",
    "RS.Davanagere": "K3",
    "RS.Davanagere Virtual Customer": "K3_CS",
    "Khambhat_Kansari_DC": "k4",
    "Khambhat_Kansari_DC Virtual Customer": "k4_CS",
    "Kapurthala_DC": "k5",
    "Kapurthala_DC Virtual Customer": "k5_CS",
    "Khanna_DC": "K6",
    "Khanna_DC Virtual Customer": "K6_CS",
    "Karaikal_Thalthru_DC": "K7",
    "Karaikal_Thalthru_DC Virtual Customer": "K7_CS",
    "Kaithal_DC": "Ka",
    "Karur": "KA",
    "Karur Virtual Customer": "KA_CS",
    "Kaithal_DC Virtual Customer": "Ka_CS",
    "Kotkapura_DC": "kC",
    "KN_RPC": "KC",
    "Kotkapura_DC Virtual Customer": "kC_CS",
    "Bhopal_Kartar Arcade": "KD",
    "RoopNagar_ChotiHvl_DC": "kd",
    "Bhopal_Kartar Arcade Virtual Customer": "KD_CS",
    "RoopNagar_ChotiHvl_DC Virtual Customer": "kd_CS",
    "Bengaluru_Koramangala_Dc": "KG",
    "Kodaikanal_Athithnr_DC": "Kg",
    "Bengaluru_Koramangala_Dc Virtual Customer": "KG_CS",
    "Kodaikanal_Athithnr_DC Virtual Customer": "Kg_CS",
    "CCU_Hub": "KH",
    "Kharagpur_DC": "Kh",
    "Khammam_DC": "kH",
    "Kharagpur_DC Virtual Customer": "Kh_CS",
    "Khammam_DC Virtual Customer": "kH_CS",
    "Bengaluru_ITPL_KI": "kI",
    "Kalka_Pinjore_DC": "Ki",
    "Kalka_Pinjore_DC Virtual Customer": "Ki_CS",
    "Bengaluru_ITPL_KI Virtual Customer": "kI_CS",
    "Delhi_Moti Bagh": "KK",
    "Kakinada_DC": "kK",
    "Delhi_Moti Bagh Virtual Customer": "KK_CS",
    "Kakinada_DC Virtual Customer": "kK_CS",
    "Bhavnagar_Chitra_DC": "kl",
    "Karnal": "KL",
    "Karnal Virtual Customer": "KL_CS",
    "Bhavnagar_Chitra_DC Virtual Customer": "kl_CS",
    "Bhopal_Kolar Mandakni": "KM",
    "Bhopal_Kolar Mandakni Virtual Customer": "KM_CS",
    "Kirtinagar_PC": "KN",
    "Vizianagaram_NcsRd_DC": "Kn",
    "Vizianagaram_NcsRd_DC Virtual Customer": "Kn_CS",
    "Kirtinagar_PC Virtual Warehouse": "KN_CW",
    "Kolkata_Sonarpur_DC": "Ko",
    "Kota": "KO",
    "Kota Virtual Customer": "KO_CS",
    "Kolkata_Sonarpur_DC Virtual Customer": "Ko_CS",
    "Kanpur": "KP",
    "Karjan_Junabzr_DC": "Kp",
    "Kanpur Virtual Customer": "KP_CS",
    "Karjan_Junabzr_DC Virtual Customer": "Kp_CS",
    "Karimnagar_DC": "Kr",
    "Kolhapur_DC": "KR",
    "Kolhapur_DC Virtual Customer": "KR_CS",
    "Karimnagar_DC Virtual Customer": "Kr_CS",
    "srinagar_south": "KS",
    "srinagar_south Virtual Customer": "KS_CS",
    "Hyd_Ketadan": "KT",
    "Hyd_Ketadan Virtual Customer": "KT_CS",
    "Kundapura_DC": "ku",
    "Kurnool_DC": "KU",
    "Kurukshetra_DC": "Ku",
    "Kurnool_DC Virtual Customer": "KU_CS",
    "Kurukshetra_DC Virtual Customer": "Ku_CS",
    "Kundapura_DC Virtual Customer": "ku_CS",
    "Mumbai_Khar West _Dc": "KW",
    "Mumbai_Khar West _Dc Virtual Customer": "KW_CS",
    "Gandhinagar_Kalol_DC": "Kx",
    "Korba_DC": "kX",
    "Gandhinagar_Kalol_DC Virtual Customer": "Kx_CS",
    "Korba_DC Virtual Customer": "kX_CS",
    "Kolkata_Ruby_DC": "Ky",
    "Kolkata_Ruby_DC Virtual Customer": "Ky_CS",
    "Junagadh_keshod_DC": "kZ",
    "Cjb_Kovaipudur_Dc": "KZ",
    "Cjb_Kovaipudur_Dc Virtual Customer": "KZ_CS",
    "Junagadh_keshod_DC Virtual Customer": "kZ_CS",
    "Ludhiana_DC": "L",
    "Ludhiana_DC Virtual Customer": "L_CS",
    "Davangere_Hadadi_DC": "l8",
    "Davangere_Hadadi_DC Virtual Customer": "l8_CS",
    "Delhi_Lajwanti": "L9",
    "Delhi_Lajwanti Virtual Customer": "L9_CS",
    "Lucknow_Aliganj": "LA",
    "Lucknow_Aliganj Virtual Customer": "LA_CS",
    "LB.Kolkata": "LB",
    "LB.Kolkata Virtual Customer": "LB_CS",
    "Ludhiana_Civil_Lines": "LC",
    "Ludhiana_Civil_Lines Virtual Customer": "LC_CS",
    "Ludhiana_Dugri": "LD",
    "Ludhiana_DPC": "lD",
    "Ludhiana_Dugri Virtual Customer": "LD_CS",
    "Ludhiana_Dugri Virtual Warehouse": "LD_CW",
    "Lucknow_Indira Nagar": "LG",
    "Lucknow_Indira Nagar Virtual Customer": "LG_CS",
    "Lucknow_Hub": "LH",
    "Lucknow": "LK",
    "Lucknow Virtual Customer": "LK_CS",
    "Lucknow_Gomti Nagar": "LN",
    "Lucknow_Gomti Nagar Virtual Customer": "LN_CS",
    "LowerParel_CP": "LP",
    "Lucknow_Vishnu Lok": "LQ",
    "Lucknow_Vishnu Lok Virtual Customer": "LQ_CS",
    "Lucknow_DPC": "LU",
    "Ludhiana_GillChwk_DC": "Lx",
    "Ludhiana_GillChwk_DC Virtual Customer": "Lx_CS",
    "Mumbai Hub": "M",
    "Muktsar_DPC": "m0",
    "Mumbai_Kalyan West _Dc": "M0",
    "Mumbai_Kalyan West _Dc Virtual Customer": "M0_CS",
    "Hyderabad_Malkaj_DC": "m1",
    "Mehsana_Dc": "M1",
    "Mehsana_Dc Virtual Customer": "M1_CS",
    "Hyderabad_Malkaj_DC Virtual Customer": "m1_CS",
    "Mumbai_Khandeshwar_Dc": "M2",
    "Mehsana_Panchot_IP": "m2",
    "Mumbai_Khandeshwar_Dc Virtual Customer": "M2_CS",
    "Moga_DC": "M3",
    "Muktsar_DC": "m3",
    "Moga_DC Virtual Customer": "M3_CS",
    "Muktsar_DC Virtual Customer": "m3_CS",
    "Chennai_Porur_DPC": "M4",
    "Moga_DPC": "m4",
    "Mumbai_Borivali West _Dc": "M5",
    "Mumbai_Borivali West _Dc Virtual Customer": "M5_CS",
    "Mangalore_DPC": "m6",
    "Mumbai_Marol_DPC": "M6",
    "Bhavnagar_ChtrGIDC_IP": "m7",
    "Mumbai_Andheri_PC": "M7",
    "Bhavnagar_ChtrGIDC_IP Virtual Warehouse": "M7_CW",
    "Anand_Vaghasi_IP": "m8",
    "Mandya_Dc": "M8",
    "Mandya_Dc Virtual Customer": "M8_CS",
    "Mumbai_Tejpal": "M9",
    "Madurai": "MA",
    "Machilipatnam_DC": "mA",
    "Mathura_DC": "Ma",
    "Madurai Virtual Customer": "MA_CS",
    "Mathura_DC Virtual Customer": "Ma_CS",
    "Machilipatnam_DC Virtual Customer": "mA_CS",
    "Mumbai_Bhandup West_Dc": "MB",
    "Mumbai_Bhandup West_Dc Virtual Customer": "MB_CS",
    "Mumbai Central": "MC",
    "Mumbai Central Virtual Customer": "MC_CS",
    "Hyd_Madhapur": "MD",
    "Hyd_Madhapur Virtual Customer": "MD_CS",
    "Meerut_GangaNgr_DC": "Me",
    "Mumbai East": "ME",
    "Mumbai East Virtual Customer": "ME_CS",
    "Meerut_GangaNgr_DC Virtual Customer": "Me_CS",
    "Malerkotla_DC": "Mf",
    "Mandvi_Jawahar_DC": "mF",
    "Mumbai_Fort _Dc": "MF",
    "Mumbai_Fort _Dc Virtual Customer": "MF_CS",
    "Malerkotla_DC Virtual Customer": "Mf_CS",
    "Mandvi_Jawahar_DC Virtual Customer": "mF_CS",
    "Mangalore": "MG",
    "Mandi_Gobindgarh_DC": "mg",
    "Mangalore Virtual Customer": "MG_CS",
    "Mandi_Gobindgarh_DC Virtual Customer": "mg_CS",
    "RS.Hospet": "MH",
    "WestMidnapore_DC": "Mi",
    "Mumbai MIDC": "MI",
    "Mumbai MIDC Virtual Customer": "MI_CS",
    "WestMidnapore_DC Virtual Customer": "Mi_CS",
    "Mumbai_Jogeshwari_Dc": "MJ",
    "Mumbai_Jogeshwari_Dc Virtual Customer": "MJ_CS",
    "Mumbai_Kalyan": "MK",
    "Mumbai_Kalyan Virtual Customer": "MK_CS",
    "Bengaluru_Mathikere_Dc": "ML",
    "Bengaluru_Mathikere_Dc Virtual Customer": "ML_CS",
    "Mumbai Mahim": "MM",
    "Mumbai Mahim Virtual Customer": "MM_CS",
    "Malviya Nagar": "MN",
    "Malviya Nagar Virtual Customer": "MN_CS",
    "Morbi_DC": "mo",
    "Modasa_DC": "Mo",
    "Moradabad_DC": "MO",
    "Moradabad_DC Virtual Customer": "MO_CS",
    "Modasa_DC Virtual Customer": "Mo_CS",
    "Morbi_DC Virtual Customer": "mo_CS",
    "Mumbai_MaladWest_CP": "MP",
    "Delhi_Munirka": "MQ",
    "Modinagar_SikriKla_DC": "Mq",
    "Delhi_Munirka Virtual Customer": "MQ_CS",
    "Modinagar_SikriKla_DC Virtual Customer": "Mq_CS",
    "Mount Road": "MR",
    "Mount Road Virtual Customer": "MR_CS",
    "Mumbai South": "MS",
    "Mumbai South Virtual Customer": "MS_CS",
    "Mumbai North": "MT",
    "Mumbai North Virtual Customer": "MT_CS",
    "Meerut": "MU",
    "Malout_DC": "mU",
    "Mundra_DC": "Mu",
    "Meerut Virtual Customer": "MU_CS",
    "Mundra_DC Virtual Customer": "Mu_CS",
    "Malout_DC Virtual Customer": "mU_CS",
    "Delhi_MayurVihar": "MV",
    "Delhi_MayurVihar Virtual Customer": "MV_CS",
    "MP_Dewas": "MW",
    "MP_Dewas Virtual Customer": "MW_CS",
    "Mumbai_Chembur_Dc": "MX",
    "Mumbai_Chembur_Dc Virtual Customer": "MX_CS",
    "Mysore": "MY",
    "Mysore Virtual Customer": "MY_CS",
    "Mumbai_Ambernath_Dc": "MZ",
    "Mumbai_Ambernath_Dc Virtual Customer": "MZ_CS",
    "Nashik_Gadkari_DC": "N2",
    "Nashik_Gadkari_DC Virtual Customer": "N2_CS",
    "Narnaul_DC": "n4",
    "Narnaul_DC Virtual Customer": "n4_CS",
    "Nashik_DreamCty_DC": "n6",
    "Nalgonda_HydRoad_DC": "N6",
    "Nalgonda_HydRoad_DC Virtual Customer": "N6_CS",
    "Nashik_DreamCty_DC Virtual Customer": "n6_CS",
    "Nawanshahr_DC": "n7",
    "Nawanshahr_DC Virtual Customer": "n7_CS",
    "Nagpur_PC": "n9",
    "Nalasopara_CP": "N9",
    "Nalasopara_CP Virtual Warehouse": "n9_CW",
    "Nadiad_DC": "nA",
    "Nanded_Dc": "NA",
    "Navsari_DC": "Na",
    "Nanded_Dc Virtual Customer": "NA_CS",
    "Navsari_DC Virtual Customer": "Na_CS",
    "Nadiad_DC Virtual Customer": "nA_CS",
    "Nagpur_Bajajnagar_Dc": "NB",
    "Nagpur_Bajajnagar_Dc Virtual Customer": "NB_CS",
    "North Delhi_PC": "NC",
    "North Delhi": "ND",
    "North Delhi Virtual Customer": "ND_CS",
    "Nellore_DC": "Ne",
    "Nellore_DC Virtual Customer": "Ne_CS",
    "Delhi_Bhogal": "NF",
    "Delhi_Bhogal Virtual Customer": "NF_CS",
    "Nagpur": "NG",
    "Nagpur Virtual Customer": "NG_CS",
    "StarCJ North Implant": "NI",
    "Delhi_MalviyaNagar": "NM",
    "Delhi_MalviyaNagar Virtual Customer": "NM_CS",
    "Bengaluru_Nandinilayout_Dc": "NN",
    "Bengaluru_Nandinilayout_Dc Virtual Customer": "NN_CS",
    "Noida": "NO",
    "Noida Virtual Customer": "NO_CS",
    "Noida_PC": "NP",
    "Delhi_Nangloi": "NQ",
    "Delhi_Nangloi Virtual Customer": "NQ_CS",
    "Kolkata_Narynpur_RP": "nr",
    "Nashik Road": "NR",
    "Nashik Road Virtual Customer": "NR_CS",
    "Nalasopara": "NS",
    "Nalasopara Virtual Customer": "NS_CS",
    "Noida_Phase02": "NW",
    "Noida_Phase02 Virtual Customer": "NW_CS",
    "Bhopal_Old City": "OC",
    "Bhopal_Old City Virtual Customer": "OC_CS",
    "Bokaro": "OK",
    "Bokaro Virtual Customer": "OK_CS",
    "Ongole_DC": "On",
    "Ongole_DC Virtual Customer": "On_CS",
    "Del_Okhla_PC": "OP",
    "Del_Okhla_PC Virtual Warehouse": "OP_CW",
    "OK_RPC": "OR",
    "Allahabad_Mirapati_DC": "oX",
    "Allahabad_Mirapati_DC Virtual Customer": "oX_CS",
    "Bhatinda_JeviNgr_DC": "oy",
    "Bhatinda_JeviNgr_DC Virtual Customer": "oy_CS",
    "Bhubaneshwar_Hub": "OZ",
    "Raipur_Deopuri_DC": "oz",
    "Raipur_Deopuri_DC Virtual Customer": "oz_CS",
    "Pinjore_DC": "P0",
    "Pollachi_Venkatsa_DC": "p0",
    "Pinjore_DC Virtual Customer": "P0_CS",
    "Pollachi_Venkatsa_DC Virtual Customer": "p0_CS",
    "Pune Pimpri": "P1",
    "Pune Pimpri Virtual Customer": "P1_CS",
    "Delhi_OkhlaPh2_L": "p2",
    "Pune PNQ": "P2",
    "Pune PNQ Virtual Customer": "P2_CS",
    "Pune Hub": "P3",
    "Pathankot_DC": "p3",
    "Pathankot_DC Virtual Customer": "p3_CS",
    "Pune Fatima Nagar": "P4",
    "Patiala_DPC": "p4",
    "Pune Fatima Nagar Virtual Customer": "P4_CS",
    "Patti_DC": "P5",
    "Patti_DC Virtual Customer": "P5_CS",
    "Pune_ Tingrenagar Dc": "P6",
    "Pune_ Tingrenagar Dc Virtual Customer": "P6_CS",
    "Patan_DC": "Pa",
    "Palanpur_DC": "pA",
    "Patiala": "PA",
    "Patiala Virtual Customer": "PA_CS",
    "Patan_DC Virtual Customer": "Pa_CS",
    "Palanpur_DC Virtual Customer": "pA_CS",
    "Pune_Baner": "PB",
    "Pune_Baner Virtual Customer": "PB_CS",
    "Patna_Central": "PC",
    "Patna_Central Virtual Customer": "PC_CS",
    "Palwal": "PD",
    "Pataudi_DC": "pd",
    "Palwal Virtual Customer": "PD_CS",
    "Pataudi_DC Virtual Customer": "pd_CS",
    "Perundurai_Viveka_DC": "Pe",
    "Perundurai_Viveka_DC Virtual Customer": "Pe_CS",
    "Patna_Hub": "PH",
    "Phagwara_DC": "pH",
    "Phagwara_DC Virtual Customer": "pH_CS",
    "Delhi_PunjabiB_L": "Pj",
    "Jaipur_Sitapura_IP": "PJ",
    "Pilani": "PL",
    "Pilani Virtual Customer": "PL_CS",
    "Chennai_Poonamallee": "PM",
    "Chennai_Poonamallee Virtual Customer": "PM_CS",
    "Panipat": "PN",
    "Panipat Virtual Customer": "PN_CS",
    "Porbandar_DC": "Po",
    "Pali_DC": "pO",
    "Porbandar_DC Virtual Customer": "Po_CS",
    "Pali_DC Virtual Customer": "pO_CS",
    "Panipat_PC": "PP",
    "Panipat_PC Virtual Warehouse": "PP_CW",
    "Pune_Camp_Dc": "PQ",
    "Pune_Camp_Dc Virtual Customer": "PQ_CS",
    "Chandigarh_Raiprkln_RP": "pR",
    "Perungudi": "PR",
    "Perungudi Virtual Customer": "PR_CS",
    "Pune_Sangvi_Dc": "PS",
    "Pune_Sangvi_Dc Virtual Customer": "PS_CS",
    "Patna_1": "PT",
    "Patna_1 Virtual Customer": "PT_CS",
    "Puri_DC": "Pu",
    "Upleta_AdrshSt_DC": "pu",
    "Puri_DC Virtual Customer": "Pu_CS",
    "Upleta_AdrshSt_DC Virtual Customer": "pu_CS",
    "Gurgaon_Bilaspur_RP": "pV",
    "Delhi_Palam": "PV",
    "Delhi_Palam Virtual Customer": "PV_CS",
    "Patna_West": "PW",
    "Patna_West Virtual Customer": "PW_CS",
    "Pune_Hinjawadi_Dc": "PX",
    "Pune_Hinjawadi_Dc Virtual Customer": "PX_CS",
    "Malda_krshnPly_DC": "py",
    "Pondicherry": "PY",
    "Pondicherry Virtual Customer": "PY_CS",
    "Malda_krshnPly_DC Virtual Customer": "py_CS",
    "Delhi_PunjabiBagh": "PZ",
    "Delhi_PunjabiBagh Virtual Customer": "PZ_CS",
    "Gandhinagar_DC": "qj",
    "Gandhinagar_DC Virtual Customer": "qj_CS",
    "Delhi_Bawana_DC": "Qm",
    "Delhi_Bawana_DC Virtual Customer": "Qm_CS",
    "Mumbai_Kopri_DC": "Qy",
    "Mumbai_Kopri_DC Virtual Customer": "Qy_CS",
    "Rewa_Dc": "R1",
    "Rewa_Dc Virtual Customer": "R1_CS",
    "Ranchi_2": "R2",
    "Ranchi_2 Virtual Customer": "R2_CS",
    "Bhiwani_DC": "R6",
    "Raikot_DC": "r6",
    "Bhiwani_DC Virtual Customer": "R6_CS",
    "Raikot_DC Virtual Customer": "r6_CS",
    "Tiruvanamalai_Durabali_DC": "r7",
    "Tiruvanamalai_Durabali_DC Virtual Customer": "r7_CS",
    "Ranipet_MBTRd_DC": "Ra",
    "Rampur": "RA",
    "Ranchi_Hub": "ra",
    "Rampur Virtual Customer": "RA_CS",
    "Ranipet_MBTRd_DC Virtual Customer": "Ra_CS",
    "Darbhanga": "RB",
    "Darbhanga Virtual Customer": "RB_CS",
    "NOI_RPC": "RC",
    "Bengaluru_Richmond_Dc": "RD",
    "BLR_Rajajinagar_DPC": "rd",
    "Bengaluru_Richmond_Dc Virtual Customer": "RD_CS",
    "Rewari_DC": "Re",
    "Rewari_DC Virtual Customer": "Re_CS",
    "Rourkela_Koel Nagar": "RG",
    "Rourkela_Koel Nagar Virtual Customer": "RG_CS",
    "Rishikesh_DC": "ri",
    "Rishikesh_DC Virtual Customer": "ri_CS",
    "Jaipur": "RJ",
    "Jaipur Virtual Customer": "RJ_CS",
    "Rajkot": "RK",
    "Rajkot Virtual Customer": "RK_CS",
    "Rajamundry_DC": "RM",
    "Rajamundry_DC Virtual Customer": "RM_CS",
    "Ranchi_1": "RN",
    "Ranchi_1 Virtual Customer": "RN_CS",
    "Roorkee_Dc": "ro",
    "Rohtak": "Ro",
    "Rourkela": "RO",
    "Rourkela Virtual Customer": "RO_CS",
    "Rohtak Virtual Customer": "Ro_CS",
    "Roorkee_Dc Virtual Customer": "ro_CS",
    "RampuraPhul_DC": "rP",
    "Raipur_DC": "RP",
    "Raipur_Katora_IP": "Rp",
    "Raipur_DC Virtual Customer": "RP_CS",
    "RampuraPhul_DC Virtual Customer": "rP_CS",
    "Ganga Nagar_DC": "RQ",
    "Rajpipla_Vadia_DC": "Rq",
    "Ganga Nagar_DC Virtual Customer": "RQ_CS",
    "Rajpipla_Vadia_DC Virtual Customer": "Rq_CS",
    "RoopNagar_DC": "rR",
    "RoopNagar_DC Virtual Customer": "rR_CS",
    "Raipur_Sunder Nagar_DC": "RS",
    "Raipur_Sunder Nagar_DC Virtual Customer": "RS_CS",
    "Rudrapur": "Ru",
    "Rudrapur Virtual Customer": "Ru_CS",
    "Raichur_LSRoad_DC": "RV",
    "Raichur_LSRoad_DC Virtual Customer": "RV_CS",
    "Jind_DC": "Rx",
    "Jind_DC Virtual Customer": "Rx_CS",
    "Surat_Katargam_DC": "s1",
    "Surat": "S1",
    "Surat Virtual Customer": "S1_CS",
    "Surat_Katargam_DC Virtual Customer": "s1_CS",
    "Howrah_Salap_DC": "s3",
    "Howrah_Salap_DC Virtual Customer": "s3_CS",
    "Siliguri_Ashram_DC": "s6",
    "Pune_Aundh_DC": "S6",
    "Pune_Aundh_DC Virtual Customer": "S6_CS",
    "Siliguri_Ashram_DC Virtual Customer": "s6_CS",
    "Sangrur_DC": "sA",
    "Salem": "SA",
    "Satara_DC": "Sa",
    "Salem Virtual Customer": "SA_CS",
    "Satara_DC Virtual Customer": "Sa_CS",
    "Sangrur_DC Virtual Customer": "sA_CS",
    "Varanasi_BHU_DC": "Sb",
    "StarCJ_BLR": "SB",
    "StarCJ_BLR Virtual Customer": "SB_CS",
    "Varanasi_BHU_DC Virtual Customer": "Sb_CS",
    "StarCJ_HYD": "SC",
    "StarCJ_HYD Virtual Customer": "SC_CS",
    "BOM_Sakinaka_RP": "sD",
    "Snapdeal_Implant": "SD",
    "shimla": "SE",
    "shimla Virtual Customer": "SE_CS",
    "Sunam_DC": "sF",
    "Sunam_DC Virtual Customer": "sF_CS",
    "South Goa": "SG",
    "South Goa Virtual Customer": "SG_CS",
    "Delhi_shahpurJat": "Sh",
    "Delhi_Hub": "SH",
    "Shimoga_DC": "sh",
    "Delhi_shahpurJat Virtual Customer": "Sh_CS",
    "Shimoga_DC Virtual Customer": "sh_CS",
    "Sikar_DC": "Si",
    "Sikar_DC Virtual Customer": "Si_CS",
    "Noida_Surajpur_DC": "Sj",
    "SirhindFatehgarh_DC": "sj",
    "Star CJ DC": "SJ",
    "Star CJ DC Virtual Customer": "SJ_CS",
    "Noida_Surajpur_DC Virtual Customer": "Sj_CS",
    "SirhindFatehgarh_DC Virtual Customer": "sj_CS",
    "Shillong": "SK",
    "Shillong Virtual Customer": "SK_CS",
    "Sangli_Dc": "SL",
    "Shillong_Laitumkhrah": "sl",
    "Sangli_Dc Virtual Customer": "SL_CS",
    "Shillong_Laitumkhrah Virtual Customer": "sl_CS",
    "Samalkha_DC": "SM",
    "Samalkha_DC Virtual Customer": "SM_CS",
    "srinagar_north": "SN",
    "srinagar_north Virtual Customer": "SN_CS",
    "Solapur_DC": "SO",
    "Solapur_DC Virtual Customer": "SO_CS",
    "Delhi_S_PC": "SP",
    "srinagar_central": "SQ",
    "srinagar_central Virtual Customer": "SQ_CS",
    "SR Nagar": "SR",
    "Hyd_South": "SS",
    "Hyd_South Virtual Customer": "SS_CS",
    "Jaipur_Sitapura_RP": "st",
    "Sonipat": "ST",
    "Sonipat Virtual Customer": "ST_CS",
    "Surathkal_DC": "sU",
    "Surat_Pandesra_Gateway": "Su",
    "Surendranagar_DC": "su",
    "Surathkal_DC Virtual Customer": "sU_CS",
    "Surendranagar_DC Virtual Customer": "su_CS",
    "Surathkal_DC Virtual Warehouse": "Su_CW",
    "Surat_Brpc": "SX",
    "Vellore_GndhiNgr_IP": "sx",
    "Surat_Nanpura_Dc": "SY",
    "Surat_Nanpura_Dc Virtual Customer": "SY_CS",
    "Satna": "SZ",
    "Srikakulam_DC": "sz",
    "Satna Virtual Customer": "SZ_CS",
    "Srikakulam_DC Virtual Customer": "sz_CS",
    "TarnTaran_Sahib_DC": "T4",
    "TarnTaran_Sahib_DC Virtual Customer": "T4_CS",
    "Tirunelveli_BabujiNr_DC": "t6",
    "Tirunelveli_BabujiNr_DC Virtual Customer": "t6_CS",
    "Bengaluru_BTM_Dc": "TB",
    "Bengaluru_BTM_Dc Virtual Customer": "TB_CS",
    "Tiruchi": "TC",
    "Tiruchi Virtual Customer": "TC_CS",
    "Bengaluru_Banaswadi_Dc": "TD",
    "Darjeeling_Hillcard_DC": "tD",
    "Tonk_DC": "Td",
    "Bengaluru_Banaswadi_Dc Virtual Customer": "TD_CS",
    "Tonk_DC Virtual Customer": "Td_CS",
    "Darjeeling_Hillcard_DC Virtual Customer": "tD_CS",
    "Bengaluru_ElectronicCity_Dc": "TE",
    "Bengaluru_ElectronicCity_Dc Virtual Customer": "TE_CS",
    "Bengaluru_RTNagar_Dc": "TG",
    "Bengaluru_RTNagar_Dc Virtual Customer": "TG_CS",
    "Bengaluru_HSR_Dc": "TH",
    "Bengaluru_HSR_Dc Virtual Customer": "TH_CS",
    "Tirupati": "TI",
    "Tirupati Virtual Customer": "TI_CS",
    "Delhi_Tuglakabad DPC": "TK",
    "Jabalpur_Adhartal_DC": "tl",
    "Jabalpur_Adhartal_DC Virtual Customer": "tl_CS",
    "Tumkur_Dc": "TM",
    "Tumkur_Dc Virtual Customer": "TM_CS",
    "Bengaluru_Tippasandra_Dc": "TN",
    "Bengaluru_Tippasandra_Dc Virtual Customer": "TN_CS",
    "Tirupur": "TP",
    "Tirupur Virtual Customer": "TP_CS",
    "Bengaluru_Marathalli_Dc": "TR",
    "Bengaluru_Marathalli_Dc Virtual Customer": "TR_CS",
    "Bengaluru_Wilson Garden_Dc": "TU",
    "Bengaluru_Wilson Garden_Dc Virtual Customer": "TU_CS",
    "Thanjavur_DC": "TV",
    "Thanjavur_DC Virtual Customer": "TV_CS",
    "Bengaluru_Whitefield_Dc": "TW",
    "Bengaluru_Whitefield_Dc Virtual Customer": "TW_CS",
    "Bengaluru_Yelahanka_Dc": "TY",
    "Bengaluru_Yelahanka_Dc Virtual Customer": "TY_CS",
    "Nagpur_Jaripatk_DC": "tZ",
    "Nagpur_Jaripatk_DC Virtual Customer": "tZ_CS",
    "Katni_Bargawan_DC": "U-",
    "Katni_Bargawan_DC Virtual Customer": "U-_CS",
    "Bhilad_Umargaon_DC": "u1",
    "Uppinangady_Dc": "U1",
    "Uppinangady_Dc Virtual Customer": "U1_CS",
    "Bhilad_Umargaon_DC Virtual Customer": "u1_CS",
    "Aligarh_Rajvihar_DC": "U2",
    "Dhoraji_JmnvadRd_DC": "u2",
    "Aligarh_Rajvihar_DC Virtual Customer": "U2_CS",
    "Dhoraji_JmnvadRd_DC Virtual Customer": "u2_CS",
    "Dwarka_StnRoad_DC": "u3",
    "Dwarka_StnRoad_DC Virtual Customer": "u3_CS",
    "Tuticorin_Victoria_DC": "u4",
    "Udaipur_Airport_DC": "U4",
    "Udaipur_Airport_DC Virtual Customer": "U4_CS",
    "Tuticorin_Victoria_DC Virtual Customer": "u4_CS",
    "Chandigarh_Mullanpr_DC": "U5",
    "Wankaner_PprwdiRd_DC": "u5",
    "Chandigarh_Mullanpr_DC Virtual Customer": "U5_CS",
    "Wankaner_PprwdiRd_DC Virtual Customer": "u5_CS",
    "Gorakhpur_NSCNgr_DC": "U6",
    "Mumbai_Ulhasngr_DC": "u6",
    "Gorakhpur_NSCNgr_DC Virtual Customer": "U6_CS",
    "Mumbai_Ulhasngr_DC Virtual Customer": "u6_CS",
    "Ranchi_Hinoo_DC": "U7",
    "Una_Mamlatdr_DC": "u7",
    "Ranchi_Hinoo_DC Virtual Customer": "U7_CS",
    "Una_Mamlatdr_DC Virtual Customer": "u7_CS",
    "Bhiwandi_Mankoli_HB": "U8",
    "Chittorgarh_Senthi_DC": "U9",
    "Chittorgarh_Senthi_DC Virtual Customer": "U9_CS",
    "Umreth_Dakor_DC": "uD",
    "Udupi": "UD",
    "Udupi Virtual Customer": "UD_CS",
    "Umreth_Dakor_DC Virtual Customer": "uD_CS",
    "Jaipur_Bhankrot_DC": "uf",
    "Jaipur_Bhankrot_DC Virtual Customer": "uf_CS",
    "Ujjain": "UJ",
    "Ujjain Virtual Customer": "UJ_CS",
    "Mumbai_Mumbra_DC": "UM",
    "Mumbai_Mumbra_DC Virtual Customer": "UM_CS",
    "Unjha_DC": "Un",
    "Unjha_DC Virtual Customer": "Un_CS",
    "Udaipur_DC": "UR",
    "Udaipur_DC Virtual Customer": "UR_CS",
    "Kumbakonam_Mettu_DC": "Uu",
    "Kumbakonam_Mettu_DC Virtual Customer": "Uu_CS",
    "Vadodara": "V1",
    "Vadodara Virtual Customer": "V1_CS",
    "Vadnagar_NewBusSt_DC": "v6",
    "Vadnagar_NewBusSt_DC Virtual Customer": "v6_CS",
    "Mumbai_Virar_DC": "v7",
    "Mumbai_Virar_DC Virtual Customer": "v7_CS",
    "Vapi_Chala_DC": "Va",
    "Vizag _NAD": "VA",
    "Vizag _NAD Virtual Customer": "VA_CS",
    "Vapi_Chala_DC Virtual Customer": "Va_CS",
    "Bhiwandi_Mankoli_GW": "vd",
    "Mumbai_Chndivli_PC": "Vd",
    "Valsad_DC": "VD",
    "Vadodara_Dabhoi_DC": "vD",
    "Valsad_DC Virtual Customer": "VD_CS",
    "Vadodara_Dabhoi_DC Virtual Customer": "vD_CS",
    "Valsad_DC Virtual Warehouse": "VD_CW",
    "Bhiwandi_Mankoli_GW Virtual Warehouse": "vd_CW",
    "Mumbai_Chndivli_PC Virtual Warehouse": "Vd_CW",
    "Veraval_DC": "Ve",
    "Veraval_DC Virtual Customer": "Ve_CS",
    "BLR_Budhigerecross_HB": "vG",
    "MAA_Poonamallee_HB": "vg",
    "Vizag_Gajuwaka": "VG",
    "Vizag_Gajuwaka Virtual Customer": "VG_CS",
    "Mumbai_Mankoli_IP": "vI",
    "Villupuram_DC": "Vi",
    "Villupuram_DC Virtual Customer": "Vi_CS",
    "Vellore_DC": "VL",
    "Vellore_DC Virtual Customer": "VL_CS",
    "Bengaluru_Vijayanagar_Dc": "VN",
    "Bengaluru_Vijayanagar_Dc Virtual Customer": "VN_CS",
    "Vapi": "VP",
    "Vapi Virtual Customer": "VP_CS",
    "Varanasi": "VR",
    "Varanasi Virtual Customer": "VR_CS",
    "Mumbai_Vasai_CP": "vS",
    "Sivakasi_Msstreet_DC": "vs",
    "Sivakasi_Msstreet_DC Virtual Customer": "vs_CS",
    "Tapi_Vyara_DC": "vT",
    "Tapi_Vyara_DC Virtual Customer": "vT_CS",
    "GGN_Gateway": "VV",
    "GGN_Gateway Virtual Warehouse": "VV_CW",
    "Mumbai_Sanpada_I": "vw",
    "Vijayawada": "VW",
    "Vijayawada Virtual Customer": "VW_CS",
    "Ambabadi_DC": "VX",
    "Ambabadi_DC Virtual Customer": "VX_CS",
    "Vishakhapatnam": "VZ",
    "Vishakhapatnam Virtual Customer": "VZ_CS",
    "Warangal_DC": "WA",
    "Warangal_DC Virtual Customer": "WA_CS",
    "Gurgaon_Wazirabad": "WB",
    "Gurgaon_Wazirabad Virtual Customer": "WB_CS",
    "Malad_West_DC": "WM",
    "Malad_West_DC Virtual Customer": "WM_CS",
    "Rajpura_DC": "x3",
    "IXJ_Gandhinagar_DC": "X3",
    "Rajpura_DC Virtual Customer": "x3_CS",
    "Mumbai Lower Parel": "X4",
    "Mumbai Lower Parel Virtual Customer": "X4_CS",
    "Mysore_Yadvgiri_DC": "X7",
    "Mysore_Yadvgiri_DC Virtual Customer": "X7_CS",
    "BLR_Tippasandra_DPC": "X9",
    "Mumbai Antop Hill": "XA",
    "Mumbai Antop Hill Virtual Customer": "XA_CS",
    "Mumbai Chandivali": "XB",
    "Mumbai Chandivali Virtual Customer": "XB_CS",
    "Ahmedabad_Narol_DC": "Xc",
    "Mumbai Sakinaka": "XC",
    "KNU_Govindnagar_DC": "xC",
    "Mumbai Sakinaka Virtual Customer": "XC_CS",
    "Ahmedabad_Narol_DC Virtual Customer": "Xc_CS",
    "Gurgaon_Manesar": "XD",
    "Gurgaon_Manesar Virtual Customer": "XD_CS",
    "Pune Anand Nagar": "XE",
    "Pune Anand Nagar Virtual Customer": "XE_CS",
    "Pune Hadapsar DC": "XG",
    "Pune Hadapsar DC Virtual Customer": "XG_CS",
    "Pune Chandan Nagar": "XH",
    "Pune Chandan Nagar Virtual Customer": "XH_CS",
    "Pune Balaji Nagar": "XI",
    "Rajkot_Navagam_DPC": "Xi",
    "Pune Balaji Nagar Virtual Customer": "XI_CS",
    "Pune_Kalewadi DC": "XJ",
    "Pune_Kalewadi DC Virtual Customer": "XJ_CS",
    "Pune_Chinchwad DC": "XK",
    "Pune_Chinchwad DC Virtual Customer": "XK_CS",
    "Goa_Ponda_Dc": "XL",
    "Goa_Ponda_Dc Virtual Customer": "XL_CS",
    "BLR_Kudulu_CP": "xm",
    "FBD_Balabhgarh_DPC": "XM",
    "Delhi_Kishangarh_DPC": "XO",
    "Pune_Magarpatta": "XP",
    "Pune_Magarpatta Virtual Customer": "XP_CS",
    "Delhi_Rohini_DPC": "XQ",
    "Pune_Nigdi DC": "XR",
    "Pune_Nigdi DC Virtual Customer": "XR_CS",
    "BLR_UtharaliSouth_CP": "xs",
    "Pune_Shahunagar DC": "XS",
    "Pune_Shahunagar DC Virtual Customer": "XS_CS",
    "Delhi_Jhandewalan DPC": "XT",
    "Bhopal_Dig Banglow": "XV",
    "Bhopal_Dig Banglow Virtual Customer": "XV_CS",
    "Thane_PC": "XX",
    "Delhi_Patparganj_DPC": "XY",
    "Noida_Sec 02_DPC": "XZ",
    "GZB_Mohan_Nagar_DPC": "YA",
    "YamunaNagar_DC": "Ya",
    "YamunaNagar_DC Virtual Customer": "Ya_CS",
    "Pune_Pashan_DC": "YD",
    "Pune_Pashan_DC Virtual Customer": "YD_CS",
    "Bhopal_Hub": "YE",
    "Mumbai Vile Parle": "YF",
    "Mumbai Vile Parle Virtual Customer": "YF_CS",
    "Mumbai Tardeo": "YG",
    "Mumbai Tardeo Virtual Customer": "YG_CS",
    "Chandigarh_Kurali_DC": "YH",
    "Chandigarh_Kurali_DC Virtual Customer": "YH_CS",
    "Noida_Sec-8_DC": "YI",
    "Noida_Sec-8_DC Virtual Customer": "YI_CS",
    "Noida_Sec-83_DC": "YJ",
    "Noida_Sec-83_DC Virtual Customer": "YJ_CS",
    "Mumbai_Kandivali_East": "YK",
    "Mumbai_Kandivali_East Virtual Customer": "YK_CS",
    "Chennai_Mylapore": "YL",
    "Chennai_Mylapore Virtual Customer": "YL_CS",
    "Mumbai_Thanewest_Dc": "YM",
    "Mumbai_Thanewest_Dc Virtual Customer": "YM_CS",
    "Varanasi_JSHaveli_DC": "Yp",
    "Varanasi_JSHaveli_DC Virtual Customer": "Yp_CS",
    "Chennai_Arumbakkam": "YQ",
    "Chennai_Arumbakkam Virtual Customer": "YQ_CS",
    "Chennai_Madhavaram_DC": "YU",
    "Bengaluru_Bomsndra_RP": "Yu",
    "Chennai_Madhavaram_DC Virtual Customer": "YU_CS",
    "Chennai_Egmore_DC": "YV",
    "Chennai_Egmore_DC Virtual Customer": "YV_CS",
    "Chennai_Chrompet_DC": "YW",
    "Chennai_Chrompet_DC Virtual Customer": "YW_CS",
    "CCU_Lake Avenue_DPC": "YX",
    "Chennai_Thiruvanmiyur_DC": "YY",
    "Chennai_Thiruvanmiyur_DC Virtual Customer": "YY_CS",
    "CCU_DumDum_DPC": "YZ",
    "Ankleshwar_GIDC_DC": "Z7",
    "Ankleshwar_GIDC_DC Virtual Customer": "Z7_CS",
    "Nizamabad_Dubba_DC": "Z9",
    "Nizamabad_Dubba_DC Virtual Customer": "Z9_CS",
    "Chennai_Royapuram": "ZA",
    "Chennai_Royapuram Virtual Customer": "ZA_CS",
    "Bhilwara_DC": "zb",
    "Bhilwara_DC Virtual Customer": "zb_CS",
    "CCU_Howrah_CP": "zC",
    "CCU_Garia": "ZC",
    "CCU_Garia Virtual Customer": "ZC_CS",
    "Chennai_Madhavaram_DPC": "ZD",
    "CCU_Beleghta_CP": "zE",
    "Chennai_Egmore_DPC": "ZE",
    "Chennai_Chrompet_DPC": "ZF",
    "BLR_Nagawara_CP": "zg",
    "Chennai_Perungudi_DPC": "ZG",
    "BLR_WestChord_CP": "zi",
    "Zirakpur_DC": "zL",
    "Zirakpur_DC Virtual Customer": "zL_CS",
    "Patna_Anisabad": "ZN",
    "Patna_Anisabad Virtual Customer": "ZN_CS",
    "CCU_DUMDUM_CP": "zO",
    "Bhubaneswar_Patia": "ZO",
    "Bhubaneswar_Patia Virtual Customer": "ZO_CS",
    "Namakkal_Rkcomplx_DC": "zp",
    "Surat_Magob_Dc": "ZP",
    "Surat_Magob_Dc Virtual Customer": "ZP_CS",
    "Namakkal_Rkcomplx_DC Virtual Customer": "zp_CS",
    "Berhampur_DC": "ZQ",
    "Berhampur_DC Virtual Customer": "ZQ_CS",
    "Howrah_Shibpur": "ZR",
    "Howrah_Shibpur Virtual Customer": "ZR_CS",
    "CCU_Manicktala": "ZS",
    "CCU_Manicktala Virtual Customer": "ZS_CS",
    "CCU_Topsia": "ZT",
    "CCU_Topsia Virtual Customer": "ZT_CS",
    "Vadodara_Karelibaug_DC": "ZU",
    "Vadodara_Karelibaug_DC Virtual Customer": "ZU_CS",
    "Patna_Gaighat": "ZW",
    "Patna_Gaighat Virtual Customer": "ZW_CS",
    "CCU_Dunlop": "ZX",
    "Pali_SuryClny_DC": "zx",
    "CCU_Dunlop Virtual Customer": "ZX_CS",
    "Pali_SuryClny_DC Virtual Customer": "zx_CS",
    "CCU_Taratala": "ZY",
    "CCU_Taratala Virtual Customer": "ZY_CS",
    "CCU_Central": "ZZ",
    "CCU_Central Virtual Customer": "ZZ_CS",
    "Pune_Tathawde_H": "ht"
}
